object;date/time;1;2;3;
1;01.11.22 00:00:00;6.52;12.12;6.06;
1;02.11.22 00:00:00;6.52;12.12;6.06;
1;03.11.22 00:00:00;6.52;12.12;6.06;
1;04.11.22 00:00:00;6.52;12.12;6.06;
1;05.11.22 00:00:00;6.52;12.12;6.06;
1;06.11.22 00:00:00;6.52;12.12;6.06;
1;07.11.22 00:00:00;6.52;12.12;6.06;
1;08.11.22 00:00:00;6.52;12.12;6.06;
1;09.11.22 00:00:00;6.52;12.12;6.06;
1;10.11.22 00:00:00;6.52;12.12;6.06;
1;11.11.22 00:00:00;6.52;12.12;6.06;
1;12.11.22 00:00:00;6.52;12.12;6.06;
1;13.11.22 00:00:00;6.52;12.12;6.06;
1;14.11.22 00:00:00;6.52;12.12;6.06;
1;15.11.22 00:00:00;6.52;12.12;6.06;
1;16.11.22 00:00:00;6.52;12.12;6.06;
1;17.11.22 00:00:00;6.52;12.12;6.06;
1;18.11.22 00:00:00;6.52;12.12;6.06;
1;19.11.22 00:00:00;6.52;12.12;6.06;
1;20.11.22 00:00:00;6.52;12.12;6.06;
1;21.11.22 00:00:00;6.52;12.12;6.06;
1;22.11.22 00:00:00;6.52;12.12;6.06;
1;23.11.22 00:00:00;6.52;12.12;6.06;
1;24.11.22 00:00:00;6.52;12.12;6.06;
1;25.11.22 00:00:00;6.52;12.12;6.06;
1;26.11.22 00:00:00;6.52;12.12;6.06;
1;27.11.22 00:00:00;6.52;12.12;6.06;
1;28.11.22 00:00:00;6.52;12.12;6.06;
1;29.11.22 00:00:00;6.52;12.12;6.06;
1;30.11.22 00:00:00;6.52;12.12;6.06;
1;01.12.22 00:00:00;6.52;12.12;6.06;
1;02.12.22 00:00:00;6.52;12.12;6.06;
1;03.12.22 00:00:00;6.52;12.12;6.06;
1;04.12.22 00:00:00;6.52;12.12;6.06;
1;05.12.22 00:00:00;6.52;12.12;6.06;
1;06.12.22 00:00:00;6.52;12.12;6.06;
1;07.12.22 00:00:00;6.52;12.12;6.06;
1;08.12.22 00:00:00;6.52;12.12;6.06;
1;09.12.22 00:00:00;6.52;12.12;6.06;
1;10.12.22 00:00:00;6.52;12.12;6.06;
1;11.12.22 00:00:00;6.52;12.12;6.06;
1;12.12.22 00:00:00;6.52;12.12;6.06;
1;13.12.22 00:00:00;6.52;12.12;6.06;
1;14.12.22 00:00:00;6.52;12.12;6.06;
1;15.12.22 00:00:00;6.52;12.12;6.06;
1;16.12.22 00:00:00;6.52;12.12;6.06;
1;17.12.22 00:00:00;6.52;12.12;6.06;
1;18.12.22 00:00:00;6.52;12.12;6.06;
1;19.12.22 00:00:00;6.52;12.12;6.06;
1;20.12.22 00:00:00;6.52;12.12;6.06;
1;21.12.22 00:00:00;6.52;12.12;6.06;
1;22.12.22 00:00:00;6.52;12.12;6.06;
1;23.12.22 00:00:00;6.52;12.12;6.06;
1;24.12.22 00:00:00;6.52;12.12;6.06;
1;25.12.22 00:00:00;6.52;12.12;6.06;
1;26.12.22 00:00:00;6.52;12.12;6.06;
1;27.12.22 00:00:00;6.52;12.12;6.06;
1;28.12.22 00:00:00;6.52;12.12;6.06;
1;29.12.22 00:00:00;6.52;12.12;6.06;
1;30.12.22 00:00:00;6.52;12.12;6.06;
1;31.12.22 00:00:00;6.52;12.12;6.06;
1;01.01.23 00:00:00;6.52;12.12;6.06;
1;02.01.23 00:00:00;6.52;12.12;6.06;
1;03.01.23 00:00:00;6.52;12.12;6.06;
1;04.01.23 00:00:00;6.52;12.12;6.06;
1;05.01.23 00:00:00;6.52;12.12;6.06;
1;06.01.23 00:00:00;6.52;12.12;6.06;
1;07.01.23 00:00:00;6.52;12.12;6.06;
1;08.01.23 00:00:00;6.52;12.12;6.06;
1;09.01.23 00:00:00;6.52;12.12;6.06;
1;10.01.23 00:00:00;6.52;12.12;6.06;
1;11.01.23 00:00:00;6.52;12.12;6.06;
1;12.01.23 00:00:00;6.52;12.12;6.06;
1;13.01.23 00:00:00;6.52;12.12;6.06;
1;14.01.23 00:00:00;6.52;12.12;6.06;
1;15.01.23 00:00:00;6.52;12.12;6.06;
1;16.01.23 00:00:00;6.52;12.12;6.06;
1;17.01.23 00:00:00;6.52;12.12;6.06;
1;18.01.23 00:00:00;6.52;12.12;6.06;
1;19.01.23 00:00:00;6.52;12.12;6.06;
1;20.01.23 00:00:00;6.52;12.12;6.06;
1;21.01.23 00:00:00;6.52;12.12;6.06;
1;22.01.23 00:00:00;6.52;12.12;6.06;
1;23.01.23 00:00:00;6.52;12.12;6.06;
1;24.01.23 00:00:00;6.52;12.12;6.06;
1;25.01.23 00:00:00;6.52;12.12;6.06;
1;26.01.23 00:00:00;6.52;12.12;6.06;
1;27.01.23 00:00:00;6.52;12.12;6.06;
1;28.01.23 00:00:00;6.52;12.12;6.06;
1;29.01.23 00:00:00;6.52;12.12;6.06;
1;30.01.23 00:00:00;6.52;12.12;6.06;
1;31.01.23 00:00:00;6.52;12.12;6.06;
1;01.02.23 00:00:00;6.52;12.12;6.06;
1;02.02.23 00:00:00;6.52;12.12;6.06;
1;03.02.23 00:00:00;6.52;12.12;6.06;
1;04.02.23 00:00:00;6.52;12.12;6.06;
1;05.02.23 00:00:00;6.52;12.12;6.06;
1;06.02.23 00:00:00;6.52;12.12;6.06;
1;07.02.23 00:00:00;6.52;12.12;6.06;
1;08.02.23 00:00:00;6.52;12.12;6.06;
1;09.02.23 00:00:00;6.52;12.12;6.06;
1;10.02.23 00:00:00;6.52;12.12;6.06;
1;11.02.23 00:00:00;6.52;12.12;6.06;
1;12.02.23 00:00:00;6.52;12.12;6.06;
1;13.02.23 00:00:00;6.52;12.12;6.06;
1;14.02.23 00:00:00;6.52;12.12;6.06;
1;15.02.23 00:00:00;6.52;12.12;6.06;
1;16.02.23 00:00:00;6.52;12.12;6.06;
1;17.02.23 00:00:00;6.52;12.12;6.06;
1;18.02.23 00:00:00;6.52;12.12;6.06;
1;19.02.23 00:00:00;6.52;12.12;6.06;
1;20.02.23 00:00:00;6.52;12.12;6.06;
1;21.02.23 00:00:00;6.52;12.12;6.06;
1;22.02.23 00:00:00;6.52;12.12;6.06;
1;23.02.23 00:00:00;6.52;12.12;6.06;
1;24.02.23 00:00:00;6.52;12.12;6.06;
1;25.02.23 00:00:00;6.52;12.12;6.06;
1;26.02.23 00:00:00;6.52;12.12;6.06;
1;27.02.23 00:00:00;6.52;12.12;6.06;
1;28.02.23 00:00:00;6.52;12.12;6.06;
1;01.03.23 00:00:00;6.52;12.12;6.06;
1;02.03.23 00:00:00;6.52;12.12;6.06;
1;03.03.23 00:00:00;6.52;12.12;6.06;
1;04.03.23 00:00:00;6.52;12.12;6.06;
1;05.03.23 00:00:00;6.52;12.12;6.06;
1;06.03.23 00:00:00;6.52;12.12;6.06;
1;07.03.23 00:00:00;6.52;12.12;6.06;
1;08.03.23 00:00:00;6.52;12.12;6.06;
1;09.03.23 00:00:00;6.52;12.12;6.06;
1;10.03.23 00:00:00;6.52;12.12;6.06;
1;11.03.23 00:00:00;6.52;12.12;6.06;
1;12.03.23 00:00:00;6.52;12.12;6.06;
1;13.03.23 00:00:00;6.52;12.12;6.06;
1;14.03.23 00:00:00;6.52;12.12;6.06;
1;15.03.23 00:00:00;6.52;12.12;6.06;
1;16.03.23 00:00:00;6.52;12.12;6.06;
1;17.03.23 00:00:00;6.52;12.12;6.06;
1;18.03.23 00:00:00;6.52;12.12;6.06;
1;19.03.23 00:00:00;6.52;12.12;6.06;
1;20.03.23 00:00:00;6.52;12.12;6.06;
1;21.03.23 00:00:00;6.52;12.12;6.06;
1;22.03.23 00:00:00;6.52;12.12;6.06;
1;23.03.23 00:00:00;6.52;12.12;6.06;
1;24.03.23 00:00:00;6.52;12.12;6.06;
1;25.03.23 00:00:00;6.52;12.12;6.06;
1;26.03.23 00:00:00;6.52;12.12;6.06;
1;27.03.23 01:00:00;6.52;12.12;6.06;
1;28.03.23 01:00:00;6.52;12.12;6.06;
1;29.03.23 01:00:00;6.52;12.12;6.06;
1;30.03.23 01:00:00;6.52;12.12;6.06;
1;31.03.23 01:00:00;6.52;12.12;6.06;
1;01.04.23 01:00:00;6.52;12.12;6.06;
1;02.04.23 01:00:00;6.52;12.12;6.06;
1;03.04.23 01:00:00;6.52;12.12;6.06;
1;04.04.23 01:00:00;6.52;12.12;6.06;
1;05.04.23 01:00:00;6.52;12.12;6.06;
1;06.04.23 01:00:00;6.52;12.12;6.06;
1;07.04.23 01:00:00;6.52;12.12;6.06;
1;08.04.23 01:00:00;6.52;12.12;6.06;
1;09.04.23 01:00:00;6.52;12.12;6.06;
1;10.04.23 01:00:00;6.52;12.12;6.06;
1;11.04.23 01:00:00;6.52;12.12;6.06;
1;12.04.23 01:00:00;6.52;12.12;6.06;
1;13.04.23 01:00:00;6.52;12.12;6.06;
1;14.04.23 01:00:00;6.52;12.12;6.06;
1;15.04.23 01:00:00;6.52;12.12;6.06;
1;16.04.23 01:00:00;6.52;12.12;6.06;
1;17.04.23 01:00:00;6.52;12.12;6.06;
1;18.04.23 01:00:00;6.52;12.12;6.06;
1;19.04.23 01:00:00;6.52;12.12;6.06;
1;20.04.23 01:00:00;6.52;12.12;6.06;
1;21.04.23 01:00:00;6.52;12.12;6.06;
1;22.04.23 01:00:00;6.52;12.12;6.06;
1;23.04.23 01:00:00;6.52;12.12;6.06;
1;24.04.23 01:00:00;6.52;12.12;6.06;
1;25.04.23 01:00:00;6.52;12.12;6.06;
1;26.04.23 01:00:00;6.52;12.12;6.06;
1;27.04.23 01:00:00;6.52;12.12;6.06;
1;28.04.23 01:00:00;6.52;12.12;6.06;
1;29.04.23 01:00:00;6.52;12.12;6.06;
1;30.04.23 01:00:00;6.52;12.12;6.06;
1;01.05.23 01:00:00;6.52;12.12;6.06;
1;02.05.23 01:00:00;6.52;12.12;6.06;
1;03.05.23 01:00:00;6.52;12.12;6.06;
1;04.05.23 01:00:00;6.52;12.12;6.06;
1;05.05.23 01:00:00;6.52;12.12;6.06;
1;06.05.23 01:00:00;6.52;12.12;6.06;
1;07.05.23 01:00:00;6.52;12.12;6.06;
1;08.05.23 01:00:00;6.52;12.12;6.06;
1;09.05.23 01:00:00;6.52;12.12;6.06;
1;10.05.23 01:00:00;6.52;12.12;6.06;
1;11.05.23 01:00:00;6.52;12.12;6.06;
1;12.05.23 01:00:00;6.52;12.12;6.06;
1;13.05.23 01:00:00;6.52;12.12;6.06;
1;14.05.23 01:00:00;6.52;12.12;6.06;
1;15.05.23 01:00:00;6.52;12.12;6.06;
1;16.05.23 01:00:00;6.52;12.12;6.06;
1;17.05.23 01:00:00;6.52;12.12;6.06;
1;18.05.23 01:00:00;6.52;12.12;6.06;
1;19.05.23 01:00:00;6.52;12.12;6.06;
1;20.05.23 01:00:00;6.52;12.12;6.06;
1;21.05.23 01:00:00;6.52;12.12;6.06;
1;22.05.23 01:00:00;6.52;12.12;6.06;
1;23.05.23 01:00:00;6.52;12.12;6.06;
1;24.05.23 01:00:00;6.52;12.12;6.06;
1;25.05.23 01:00:00;6.52;12.12;6.06;
1;26.05.23 01:00:00;6.52;12.12;6.06;
1;27.05.23 01:00:00;6.52;12.12;6.06;
1;28.05.23 01:00:00;6.52;12.12;6.06;
1;29.05.23 01:00:00;6.52;12.12;6.06;
1;30.05.23 01:00:00;6.52;12.12;6.06;
1;31.05.23 01:00:00;6.52;12.12;6.06;
1;01.06.23 01:00:00;6.52;12.12;6.06;
1;02.06.23 01:00:00;6.52;12.12;6.06;
1;03.06.23 01:00:00;6.52;12.12;6.06;
1;04.06.23 01:00:00;6.52;12.12;6.06;
1;05.06.23 01:00:00;6.52;12.12;6.06;
1;06.06.23 01:00:00;6.52;12.12;6.06;
1;07.06.23 01:00:00;6.52;12.12;6.06;
1;08.06.23 01:00:00;6.52;12.12;6.06;
1;09.06.23 01:00:00;6.52;12.12;6.06;
1;10.06.23 01:00:00;6.52;12.12;6.06;
1;11.06.23 01:00:00;6.52;12.12;6.06;
1;12.06.23 01:00:00;6.52;12.12;6.06;
1;13.06.23 01:00:00;6.52;12.12;6.06;
1;14.06.23 01:00:00;6.52;12.12;6.06;
1;15.06.23 01:00:00;6.52;12.12;6.06;
1;16.06.23 01:00:00;6.52;12.12;6.06;
1;17.06.23 01:00:00;6.52;12.12;6.06;
1;18.06.23 01:00:00;6.52;12.12;6.06;
1;19.06.23 01:00:00;6.52;12.12;6.06;
1;20.06.23 01:00:00;6.52;12.12;6.06;
1;21.06.23 01:00:00;6.52;12.12;6.06;
1;22.06.23 01:00:00;6.52;12.12;6.06;
1;23.06.23 01:00:00;6.52;12.12;6.06;
1;24.06.23 01:00:00;6.52;12.12;6.06;
1;25.06.23 01:00:00;6.52;12.12;6.06;
1;26.06.23 01:00:00;6.52;12.12;6.06;
1;27.06.23 01:00:00;6.52;12.12;6.06;
1;28.06.23 01:00:00;6.52;12.12;6.06;
1;29.06.23 01:00:00;6.52;12.12;6.06;
1;30.06.23 01:00:00;6.52;12.12;6.06;
1;01.07.23 01:00:00;6.52;12.12;6.06;
1;02.07.23 01:00:00;6.52;12.12;6.06;
1;03.07.23 01:00:00;6.52;12.12;6.06;
1;04.07.23 01:00:00;6.52;12.12;6.06;
1;05.07.23 01:00:00;6.52;12.12;6.06;
1;06.07.23 01:00:00;6.52;12.12;6.06;
1;07.07.23 01:00:00;6.52;12.12;6.06;
1;08.07.23 01:00:00;6.52;12.12;6.06;
1;09.07.23 01:00:00;6.52;12.12;6.06;
1;10.07.23 01:00:00;6.52;12.12;6.06;
1;11.07.23 01:00:00;6.52;12.12;6.06;
1;12.07.23 01:00:00;6.52;12.12;6.06;
1;13.07.23 01:00:00;6.52;12.12;6.06;
1;14.07.23 01:00:00;6.52;12.12;6.06;
1;15.07.23 01:00:00;6.52;12.12;6.06;
1;16.07.23 01:00:00;6.52;12.12;6.06;
1;17.07.23 01:00:00;6.52;12.12;6.06;
1;18.07.23 01:00:00;6.52;12.12;6.06;
1;19.07.23 01:00:00;6.52;12.12;6.06;
1;20.07.23 01:00:00;6.52;12.12;6.06;
1;21.07.23 01:00:00;6.52;12.12;6.06;
1;22.07.23 01:00:00;6.52;12.12;6.06;
1;23.07.23 01:00:00;6.52;12.12;6.06;
1;24.07.23 01:00:00;6.52;12.12;6.06;
1;25.07.23 01:00:00;6.52;12.12;6.06;
1;26.07.23 01:00:00;6.52;12.12;6.06;
1;27.07.23 01:00:00;6.52;12.12;6.06;
1;28.07.23 01:00:00;6.52;12.12;6.06;
1;29.07.23 01:00:00;6.52;12.12;6.06;
1;30.07.23 01:00:00;6.52;12.12;6.06;
1;31.07.23 01:00:00;6.52;12.12;6.06;
1;01.08.23 01:00:00;6.52;12.12;6.06;
1;02.08.23 01:00:00;6.52;12.12;6.06;
1;03.08.23 01:00:00;6.52;12.12;6.06;
1;04.08.23 01:00:00;6.52;12.12;6.06;
1;05.08.23 01:00:00;6.52;12.12;6.06;
1;06.08.23 01:00:00;6.52;12.12;6.06;
1;07.08.23 01:00:00;6.52;12.12;6.06;
1;08.08.23 01:00:00;6.52;12.12;6.06;
1;09.08.23 01:00:00;6.52;12.12;6.06;
1;10.08.23 01:00:00;6.52;12.12;6.06;
1;11.08.23 01:00:00;6.52;12.12;6.06;
1;12.08.23 01:00:00;6.52;12.12;6.06;
1;13.08.23 01:00:00;6.52;12.12;6.06;
1;14.08.23 01:00:00;6.52;12.12;6.06;
1;15.08.23 01:00:00;6.52;12.12;6.06;
1;16.08.23 01:00:00;6.52;12.12;6.06;
1;17.08.23 01:00:00;6.52;12.12;6.06;
1;18.08.23 01:00:00;6.52;12.12;6.06;
1;19.08.23 01:00:00;6.52;12.12;6.06;
1;20.08.23 01:00:00;6.52;12.12;6.06;
1;21.08.23 01:00:00;6.52;12.12;6.06;
1;22.08.23 01:00:00;6.52;12.12;6.06;
1;23.08.23 01:00:00;6.52;12.12;6.06;
1;24.08.23 01:00:00;6.52;12.12;6.06;
1;25.08.23 01:00:00;6.52;12.12;6.06;
1;26.08.23 01:00:00;6.52;12.12;6.06;
1;27.08.23 01:00:00;6.52;12.12;6.06;
1;28.08.23 01:00:00;6.52;12.12;6.06;
1;29.08.23 01:00:00;6.52;12.12;6.06;
1;30.08.23 01:00:00;6.52;12.12;6.06;
1;31.08.23 01:00:00;6.52;12.12;6.06;
1;01.09.23 01:00:00;6.52;12.12;6.06;
1;02.09.23 01:00:00;6.52;12.12;6.06;
1;03.09.23 01:00:00;6.52;12.12;6.06;
1;04.09.23 01:00:00;6.52;12.12;6.06;
1;05.09.23 01:00:00;6.52;12.12;6.06;
1;06.09.23 01:00:00;6.52;12.12;6.06;
1;07.09.23 01:00:00;6.52;12.12;6.06;
1;08.09.23 01:00:00;6.52;12.12;6.06;
1;09.09.23 01:00:00;6.52;12.12;6.06;
1;10.09.23 01:00:00;6.52;12.12;6.06;
1;11.09.23 01:00:00;6.52;12.12;6.06;
1;12.09.23 01:00:00;6.52;12.12;6.06;
1;13.09.23 01:00:00;6.52;12.12;6.06;
1;14.09.23 01:00:00;6.52;12.12;6.06;
1;15.09.23 01:00:00;6.52;12.12;6.06;
1;16.09.23 01:00:00;6.52;12.12;6.06;
1;17.09.23 01:00:00;6.52;12.12;6.06;
1;18.09.23 01:00:00;6.52;12.12;6.06;
1;19.09.23 01:00:00;6.52;12.12;6.06;
1;20.09.23 01:00:00;6.52;12.12;6.06;
1;21.09.23 01:00:00;6.52;12.12;6.06;
1;22.09.23 01:00:00;6.52;12.12;6.06;
1;23.09.23 01:00:00;6.52;12.12;6.06;
1;24.09.23 01:00:00;6.52;12.12;6.06;
1;25.09.23 01:00:00;6.52;12.12;6.06;
1;26.09.23 01:00:00;6.52;12.12;6.06;
1;27.09.23 01:00:00;6.52;12.12;6.06;
1;28.09.23 01:00:00;6.52;12.12;6.06;
1;29.09.23 01:00:00;6.52;12.12;6.06;
1;30.09.23 01:00:00;6.52;12.12;6.06;
1;01.10.23 01:00:00;6.52;12.12;6.06;
1;02.10.23 01:00:00;6.52;12.12;6.06;
1;03.10.23 01:00:00;6.52;12.12;6.06;
1;04.10.23 01:00:00;6.52;12.12;6.06;
1;05.10.23 01:00:00;6.52;12.12;6.06;
1;06.10.23 01:00:00;6.52;12.12;6.06;
1;07.10.23 01:00:00;6.52;12.12;6.06;
1;08.10.23 01:00:00;6.52;12.12;6.06;
1;09.10.23 01:00:00;6.52;12.12;6.06;
1;10.10.23 01:00:00;6.52;12.12;6.06;
1;11.10.23 01:00:00;6.52;12.12;6.06;
1;12.10.23 01:00:00;6.52;12.12;6.06;
1;13.10.23 01:00:00;6.52;12.12;6.06;
1;14.10.23 01:00:00;6.52;12.12;6.06;
1;15.10.23 01:00:00;6.52;12.12;6.06;
1;16.10.23 01:00:00;6.52;12.12;6.06;
1;17.10.23 01:00:00;6.52;12.12;6.06;
1;18.10.23 01:00:00;6.52;12.12;6.06;
1;19.10.23 01:00:00;6.52;12.12;6.06;
1;20.10.23 01:00:00;6.52;12.12;6.06;
1;21.10.23 01:00:00;6.52;12.12;6.06;
1;22.10.23 01:00:00;6.52;12.12;6.06;
1;23.10.23 01:00:00;6.52;12.12;6.06;
1;24.10.23 01:00:00;6.52;12.12;6.06;
1;25.10.23 01:00:00;6.52;12.12;6.06;
1;26.10.23 01:00:00;6.52;12.12;6.06;
1;27.10.23 01:00:00;6.52;12.12;6.06;
1;28.10.23 01:00:00;6.52;12.12;6.06;
1;29.10.23 01:00:00;6.52;12.12;6.06;
1;30.10.23 00:00:00;6.52;12.12;6.06;
1;31.10.23 00:00:00;6.52;12.12;6.06;
1;01.11.23 00:00:00;6.52;12.12;6.06;
1;02.11.23 00:00:00;6.52;12.12;6.06;
1;03.11.23 00:00:00;6.52;12.12;6.06;
1;04.11.23 00:00:00;6.52;12.12;6.06;
1;05.11.23 00:00:00;6.52;12.12;6.06;
1;06.11.23 00:00:00;6.52;12.12;6.06;
1;07.11.23 00:00:00;6.52;12.12;6.06;
1;08.11.23 00:00:00;6.52;12.12;6.06;
1;09.11.23 00:00:00;6.52;12.12;6.06;
1;10.11.23 00:00:00;6.52;12.12;6.06;
1;11.11.23 00:00:00;6.52;12.12;6.06;
1;12.11.23 00:00:00;6.52;12.12;6.06;
1;13.11.23 00:00:00;6.52;12.12;6.06;
1;14.11.23 00:00:00;6.52;12.12;6.06;
1;15.11.23 00:00:00;6.52;12.12;6.06;
1;16.11.23 00:00:00;6.52;12.12;6.06;
1;17.11.23 00:00:00;6.52;12.12;6.06;
1;18.11.23 00:00:00;6.52;12.12;6.06;
1;19.11.23 00:00:00;6.52;12.12;6.06;
1;20.11.23 00:00:00;6.52;12.12;6.06;
1;21.11.23 00:00:00;6.52;12.12;6.06;
1;22.11.23 00:00:00;6.52;12.12;6.06;
1;23.11.23 00:00:00;6.52;12.12;6.06;
1;24.11.23 00:00:00;6.52;12.12;6.06;
1;25.11.23 00:00:00;6.52;12.12;6.06;
1;26.11.23 00:00:00;6.52;12.12;6.06;
1;27.11.23 00:00:00;6.52;12.12;6.06;
1;28.11.23 00:00:00;6.52;12.12;6.06;
1;29.11.23 00:00:00;6.52;12.12;6.06;
1;30.11.23 00:00:00;6.52;12.12;6.06;
1;01.12.23 00:00:00;6.52;12.12;6.06;
1;02.12.23 00:00:00;6.52;12.12;6.06;
1;03.12.23 00:00:00;6.52;12.12;6.06;
1;04.12.23 00:00:00;6.52;12.12;6.06;
1;05.12.23 00:00:00;6.52;12.12;6.06;
1;06.12.23 00:00:00;6.52;12.12;6.06;
1;07.12.23 00:00:00;6.52;12.12;6.06;
1;08.12.23 00:00:00;6.52;12.12;6.06;
1;09.12.23 00:00:00;6.52;12.12;6.06;
1;10.12.23 00:00:00;6.52;12.12;6.06;
1;11.12.23 00:00:00;6.52;12.12;6.06;
1;12.12.23 00:00:00;6.52;12.12;6.06;
1;13.12.23 00:00:00;6.52;12.12;6.06;
1;14.12.23 00:00:00;6.52;12.12;6.06;
1;15.12.23 00:00:00;6.52;12.12;6.06;
1;16.12.23 00:00:00;6.52;12.12;6.06;
1;17.12.23 00:00:00;6.52;12.12;6.06;
1;18.12.23 00:00:00;6.52;12.12;6.06;
1;19.12.23 00:00:00;6.52;12.12;6.06;
1;20.12.23 00:00:00;6.52;12.12;6.06;
1;21.12.23 00:00:00;6.52;12.12;6.06;
1;22.12.23 00:00:00;6.52;12.12;6.06;
1;23.12.23 00:00:00;6.52;12.12;6.06;
1;24.12.23 00:00:00;6.52;12.12;6.06;
1;25.12.23 00:00:00;6.52;12.12;6.06;
1;26.12.23 00:00:00;6.52;12.12;6.06;
1;27.12.23 00:00:00;6.52;12.12;6.06;
1;28.12.23 00:00:00;6.52;12.12;6.06;
1;29.12.23 00:00:00;6.52;12.12;6.06;
1;30.12.23 00:00:00;6.52;12.12;6.06;
1;31.12.23 00:00:00;6.52;12.12;6.06;
1;01.01.24 00:00:00;6.52;12.12;6.06;
2;01.11.22 00:00:00;6.52;12.12;6.06;
2;02.11.22 00:00:00;6.52;12.12;6.06;
2;03.11.22 00:00:00;6.52;12.12;6.06;
2;04.11.22 00:00:00;6.52;12.12;6.06;
2;05.11.22 00:00:00;6.52;12.12;6.06;
2;06.11.22 00:00:00;6.52;12.12;6.06;
2;07.11.22 00:00:00;6.52;12.12;6.06;
2;08.11.22 00:00:00;6.52;12.12;6.06;
2;09.11.22 00:00:00;6.52;12.12;6.06;
2;10.11.22 00:00:00;6.52;12.12;6.06;
2;11.11.22 00:00:00;6.52;12.12;6.06;
2;12.11.22 00:00:00;6.52;12.12;6.06;
2;13.11.22 00:00:00;6.52;12.12;6.06;
2;14.11.22 00:00:00;6.52;12.12;6.06;
2;15.11.22 00:00:00;6.52;12.12;6.06;
2;16.11.22 00:00:00;6.52;12.12;6.06;
2;17.11.22 00:00:00;6.52;12.12;6.06;
2;18.11.22 00:00:00;6.52;12.12;6.06;
2;19.11.22 00:00:00;6.52;12.12;6.06;
2;20.11.22 00:00:00;6.52;12.12;6.06;
2;21.11.22 00:00:00;6.52;12.12;6.06;
2;22.11.22 00:00:00;6.52;12.12;6.06;
2;23.11.22 00:00:00;6.52;12.12;6.06;
2;24.11.22 00:00:00;6.52;12.12;6.06;
2;25.11.22 00:00:00;6.52;12.12;6.06;
2;26.11.22 00:00:00;6.52;12.12;6.06;
2;27.11.22 00:00:00;6.52;12.12;6.06;
2;28.11.22 00:00:00;6.52;12.12;6.06;
2;29.11.22 00:00:00;6.52;12.12;6.06;
2;30.11.22 00:00:00;6.52;12.12;6.06;
2;01.12.22 00:00:00;6.52;12.12;6.06;
2;02.12.22 00:00:00;6.52;12.12;6.06;
2;03.12.22 00:00:00;6.52;12.12;6.06;
2;04.12.22 00:00:00;6.52;12.12;6.06;
2;05.12.22 00:00:00;6.52;12.12;6.06;
2;06.12.22 00:00:00;6.52;12.12;6.06;
2;07.12.22 00:00:00;6.52;12.12;6.06;
2;08.12.22 00:00:00;6.52;12.12;6.06;
2;09.12.22 00:00:00;6.52;12.12;6.06;
2;10.12.22 00:00:00;6.52;12.12;6.06;
2;11.12.22 00:00:00;6.52;12.12;6.06;
2;12.12.22 00:00:00;6.52;12.12;6.06;
2;13.12.22 00:00:00;6.52;12.12;6.06;
2;14.12.22 00:00:00;6.52;12.12;6.06;
2;15.12.22 00:00:00;6.52;12.12;6.06;
2;16.12.22 00:00:00;6.52;12.12;6.06;
2;17.12.22 00:00:00;6.52;12.12;6.06;
2;18.12.22 00:00:00;6.52;12.12;6.06;
2;19.12.22 00:00:00;6.52;12.12;6.06;
2;20.12.22 00:00:00;6.52;12.12;6.06;
2;21.12.22 00:00:00;6.52;12.12;6.06;
2;22.12.22 00:00:00;6.52;12.12;6.06;
2;23.12.22 00:00:00;6.52;12.12;6.06;
2;24.12.22 00:00:00;6.52;12.12;6.06;
2;25.12.22 00:00:00;6.52;12.12;6.06;
2;26.12.22 00:00:00;6.52;12.12;6.06;
2;27.12.22 00:00:00;6.52;12.12;6.06;
2;28.12.22 00:00:00;6.52;12.12;6.06;
2;29.12.22 00:00:00;6.52;12.12;6.06;
2;30.12.22 00:00:00;6.52;12.12;6.06;
2;31.12.22 00:00:00;6.52;12.12;6.06;
2;01.01.23 00:00:00;6.52;12.12;6.06;
2;02.01.23 00:00:00;6.52;12.12;6.06;
2;03.01.23 00:00:00;6.52;12.12;6.06;
2;04.01.23 00:00:00;6.52;12.12;6.06;
2;05.01.23 00:00:00;6.52;12.12;6.06;
2;06.01.23 00:00:00;6.52;12.12;6.06;
2;07.01.23 00:00:00;6.52;12.12;6.06;
2;08.01.23 00:00:00;6.52;12.12;6.06;
2;09.01.23 00:00:00;6.52;12.12;6.06;
2;10.01.23 00:00:00;6.52;12.12;6.06;
2;11.01.23 00:00:00;6.52;12.12;6.06;
2;12.01.23 00:00:00;6.52;12.12;6.06;
2;13.01.23 00:00:00;6.52;12.12;6.06;
2;14.01.23 00:00:00;6.52;12.12;6.06;
2;15.01.23 00:00:00;6.52;12.12;6.06;
2;16.01.23 00:00:00;6.52;12.12;6.06;
2;17.01.23 00:00:00;6.52;12.12;6.06;
2;18.01.23 00:00:00;6.52;12.12;6.06;
2;19.01.23 00:00:00;6.52;12.12;6.06;
2;20.01.23 00:00:00;6.52;12.12;6.06;
2;21.01.23 00:00:00;6.52;12.12;6.06;
2;22.01.23 00:00:00;6.52;12.12;6.06;
2;23.01.23 00:00:00;6.52;12.12;6.06;
2;24.01.23 00:00:00;6.52;12.12;6.06;
2;25.01.23 00:00:00;6.52;12.12;6.06;
2;26.01.23 00:00:00;6.52;12.12;6.06;
2;27.01.23 00:00:00;6.52;12.12;6.06;
2;28.01.23 00:00:00;6.52;12.12;6.06;
2;29.01.23 00:00:00;6.52;12.12;6.06;
2;30.01.23 00:00:00;6.52;12.12;6.06;
2;31.01.23 00:00:00;6.52;12.12;6.06;
2;01.02.23 00:00:00;6.52;12.12;6.06;
2;02.02.23 00:00:00;6.52;12.12;6.06;
2;03.02.23 00:00:00;6.52;12.12;6.06;
2;04.02.23 00:00:00;6.52;12.12;6.06;
2;05.02.23 00:00:00;6.52;12.12;6.06;
2;06.02.23 00:00:00;6.52;12.12;6.06;
2;07.02.23 00:00:00;6.52;12.12;6.06;
2;08.02.23 00:00:00;6.52;12.12;6.06;
2;09.02.23 00:00:00;6.52;12.12;6.06;
2;10.02.23 00:00:00;6.52;12.12;6.06;
2;11.02.23 00:00:00;6.52;12.12;6.06;
2;12.02.23 00:00:00;6.52;12.12;6.06;
2;13.02.23 00:00:00;6.52;12.12;6.06;
2;14.02.23 00:00:00;6.52;12.12;6.06;
2;15.02.23 00:00:00;6.52;12.12;6.06;
2;16.02.23 00:00:00;6.52;12.12;6.06;
2;17.02.23 00:00:00;6.52;12.12;6.06;
2;18.02.23 00:00:00;6.52;12.12;6.06;
2;19.02.23 00:00:00;6.52;12.12;6.06;
2;20.02.23 00:00:00;6.52;12.12;6.06;
2;21.02.23 00:00:00;6.52;12.12;6.06;
2;22.02.23 00:00:00;6.52;12.12;6.06;
2;23.02.23 00:00:00;6.52;12.12;6.06;
2;24.02.23 00:00:00;6.52;12.12;6.06;
2;25.02.23 00:00:00;6.52;12.12;6.06;
2;26.02.23 00:00:00;6.52;12.12;6.06;
2;27.02.23 00:00:00;6.52;12.12;6.06;
2;28.02.23 00:00:00;6.52;12.12;6.06;
2;01.03.23 00:00:00;6.52;12.12;6.06;
2;02.03.23 00:00:00;6.52;12.12;6.06;
2;03.03.23 00:00:00;6.52;12.12;6.06;
2;04.03.23 00:00:00;6.52;12.12;6.06;
2;05.03.23 00:00:00;6.52;12.12;6.06;
2;06.03.23 00:00:00;6.52;12.12;6.06;
2;07.03.23 00:00:00;6.52;12.12;6.06;
2;08.03.23 00:00:00;6.52;12.12;6.06;
2;09.03.23 00:00:00;6.52;12.12;6.06;
2;10.03.23 00:00:00;6.52;12.12;6.06;
2;11.03.23 00:00:00;6.52;12.12;6.06;
2;12.03.23 00:00:00;6.52;12.12;6.06;
2;13.03.23 00:00:00;6.52;12.12;6.06;
2;14.03.23 00:00:00;6.52;12.12;6.06;
2;15.03.23 00:00:00;6.52;12.12;6.06;
2;16.03.23 00:00:00;6.52;12.12;6.06;
2;17.03.23 00:00:00;6.52;12.12;6.06;
2;18.03.23 00:00:00;6.52;12.12;6.06;
2;19.03.23 00:00:00;6.52;12.12;6.06;
2;20.03.23 00:00:00;6.52;12.12;6.06;
2;21.03.23 00:00:00;6.52;12.12;6.06;
2;22.03.23 00:00:00;6.52;12.12;6.06;
2;23.03.23 00:00:00;6.52;12.12;6.06;
2;24.03.23 00:00:00;6.52;12.12;6.06;
2;25.03.23 00:00:00;6.52;12.12;6.06;
2;26.03.23 00:00:00;6.52;12.12;6.06;
2;27.03.23 01:00:00;6.52;12.12;6.06;
2;28.03.23 01:00:00;6.52;12.12;6.06;
2;29.03.23 01:00:00;6.52;12.12;6.06;
2;30.03.23 01:00:00;6.52;12.12;6.06;
2;31.03.23 01:00:00;6.52;12.12;6.06;
2;01.04.23 01:00:00;6.52;12.12;6.06;
2;02.04.23 01:00:00;6.52;12.12;6.06;
2;03.04.23 01:00:00;6.52;12.12;6.06;
2;04.04.23 01:00:00;6.52;12.12;6.06;
2;05.04.23 01:00:00;6.52;12.12;6.06;
2;06.04.23 01:00:00;6.52;12.12;6.06;
2;07.04.23 01:00:00;6.52;12.12;6.06;
2;08.04.23 01:00:00;6.52;12.12;6.06;
2;09.04.23 01:00:00;6.52;12.12;6.06;
2;10.04.23 01:00:00;6.52;12.12;6.06;
2;11.04.23 01:00:00;6.52;12.12;6.06;
2;12.04.23 01:00:00;6.52;12.12;6.06;
2;13.04.23 01:00:00;6.52;12.12;6.06;
2;14.04.23 01:00:00;6.52;12.12;6.06;
2;15.04.23 01:00:00;6.52;12.12;6.06;
2;16.04.23 01:00:00;6.52;12.12;6.06;
2;17.04.23 01:00:00;6.52;12.12;6.06;
2;18.04.23 01:00:00;6.52;12.12;6.06;
2;19.04.23 01:00:00;6.52;12.12;6.06;
2;20.04.23 01:00:00;6.52;12.12;6.06;
2;21.04.23 01:00:00;6.52;12.12;6.06;
2;22.04.23 01:00:00;6.52;12.12;6.06;
2;23.04.23 01:00:00;6.52;12.12;6.06;
2;24.04.23 01:00:00;6.52;12.12;6.06;
2;25.04.23 01:00:00;6.52;12.12;6.06;
2;26.04.23 01:00:00;6.52;12.12;6.06;
2;27.04.23 01:00:00;6.52;12.12;6.06;
2;28.04.23 01:00:00;6.52;12.12;6.06;
2;29.04.23 01:00:00;6.52;12.12;6.06;
2;30.04.23 01:00:00;6.52;12.12;6.06;
2;01.05.23 01:00:00;6.52;12.12;6.06;
2;02.05.23 01:00:00;6.52;12.12;6.06;
2;03.05.23 01:00:00;6.52;12.12;6.06;
2;04.05.23 01:00:00;6.52;12.12;6.06;
2;05.05.23 01:00:00;6.52;12.12;6.06;
2;06.05.23 01:00:00;6.52;12.12;6.06;
2;07.05.23 01:00:00;6.52;12.12;6.06;
2;08.05.23 01:00:00;6.52;12.12;6.06;
2;09.05.23 01:00:00;6.52;12.12;6.06;
2;10.05.23 01:00:00;6.52;12.12;6.06;
2;11.05.23 01:00:00;6.52;12.12;6.06;
2;12.05.23 01:00:00;6.52;12.12;6.06;
2;13.05.23 01:00:00;6.52;12.12;6.06;
2;14.05.23 01:00:00;6.52;12.12;6.06;
2;15.05.23 01:00:00;6.52;12.12;6.06;
2;16.05.23 01:00:00;6.52;12.12;6.06;
2;17.05.23 01:00:00;6.52;12.12;6.06;
2;18.05.23 01:00:00;6.52;12.12;6.06;
2;19.05.23 01:00:00;6.52;12.12;6.06;
2;20.05.23 01:00:00;6.52;12.12;6.06;
2;21.05.23 01:00:00;6.52;12.12;6.06;
2;22.05.23 01:00:00;6.52;12.12;6.06;
2;23.05.23 01:00:00;6.52;12.12;6.06;
2;24.05.23 01:00:00;6.52;12.12;6.06;
2;25.05.23 01:00:00;6.52;12.12;6.06;
2;26.05.23 01:00:00;6.52;12.12;6.06;
2;27.05.23 01:00:00;6.52;12.12;6.06;
2;28.05.23 01:00:00;6.52;12.12;6.06;
2;29.05.23 01:00:00;6.52;12.12;6.06;
2;30.05.23 01:00:00;6.52;12.12;6.06;
2;31.05.23 01:00:00;6.52;12.12;6.06;
2;01.06.23 01:00:00;6.52;12.12;6.06;
2;02.06.23 01:00:00;6.52;12.12;6.06;
2;03.06.23 01:00:00;6.52;12.12;6.06;
2;04.06.23 01:00:00;6.52;12.12;6.06;
2;05.06.23 01:00:00;6.52;12.12;6.06;
2;06.06.23 01:00:00;6.52;12.12;6.06;
2;07.06.23 01:00:00;6.52;12.12;6.06;
2;08.06.23 01:00:00;6.52;12.12;6.06;
2;09.06.23 01:00:00;6.52;12.12;6.06;
2;10.06.23 01:00:00;6.52;12.12;6.06;
2;11.06.23 01:00:00;6.52;12.12;6.06;
2;12.06.23 01:00:00;6.52;12.12;6.06;
2;13.06.23 01:00:00;6.52;12.12;6.06;
2;14.06.23 01:00:00;6.52;12.12;6.06;
2;15.06.23 01:00:00;6.52;12.12;6.06;
2;16.06.23 01:00:00;6.52;12.12;6.06;
2;17.06.23 01:00:00;6.52;12.12;6.06;
2;18.06.23 01:00:00;6.52;12.12;6.06;
2;19.06.23 01:00:00;6.52;12.12;6.06;
2;20.06.23 01:00:00;6.52;12.12;6.06;
2;21.06.23 01:00:00;6.52;12.12;6.06;
2;22.06.23 01:00:00;6.52;12.12;6.06;
2;23.06.23 01:00:00;6.52;12.12;6.06;
2;24.06.23 01:00:00;6.52;12.12;6.06;
2;25.06.23 01:00:00;6.52;12.12;6.06;
2;26.06.23 01:00:00;6.52;12.12;6.06;
2;27.06.23 01:00:00;6.52;12.12;6.06;
2;28.06.23 01:00:00;6.52;12.12;6.06;
2;29.06.23 01:00:00;6.52;12.12;6.06;
2;30.06.23 01:00:00;6.52;12.12;6.06;
2;01.07.23 01:00:00;6.52;12.12;6.06;
2;02.07.23 01:00:00;6.52;12.12;6.06;
2;03.07.23 01:00:00;6.52;12.12;6.06;
2;04.07.23 01:00:00;6.52;12.12;6.06;
2;05.07.23 01:00:00;6.52;12.12;6.06;
2;06.07.23 01:00:00;6.52;12.12;6.06;
2;07.07.23 01:00:00;6.52;12.12;6.06;
2;08.07.23 01:00:00;6.52;12.12;6.06;
2;09.07.23 01:00:00;6.52;12.12;6.06;
2;10.07.23 01:00:00;6.52;12.12;6.06;
2;11.07.23 01:00:00;6.52;12.12;6.06;
2;12.07.23 01:00:00;6.52;12.12;6.06;
2;13.07.23 01:00:00;6.52;12.12;6.06;
2;14.07.23 01:00:00;6.52;12.12;6.06;
2;15.07.23 01:00:00;6.52;12.12;6.06;
2;16.07.23 01:00:00;6.52;12.12;6.06;
2;17.07.23 01:00:00;6.52;12.12;6.06;
2;18.07.23 01:00:00;6.52;12.12;6.06;
2;19.07.23 01:00:00;6.52;12.12;6.06;
2;20.07.23 01:00:00;6.52;12.12;6.06;
2;21.07.23 01:00:00;6.52;12.12;6.06;
2;22.07.23 01:00:00;6.52;12.12;6.06;
2;23.07.23 01:00:00;6.52;12.12;6.06;
2;24.07.23 01:00:00;6.52;12.12;6.06;
2;25.07.23 01:00:00;6.52;12.12;6.06;
2;26.07.23 01:00:00;6.52;12.12;6.06;
2;27.07.23 01:00:00;6.52;12.12;6.06;
2;28.07.23 01:00:00;6.52;12.12;6.06;
2;29.07.23 01:00:00;6.52;12.12;6.06;
2;30.07.23 01:00:00;6.52;12.12;6.06;
2;31.07.23 01:00:00;6.52;12.12;6.06;
2;01.08.23 01:00:00;6.52;12.12;6.06;
2;02.08.23 01:00:00;6.52;12.12;6.06;
2;03.08.23 01:00:00;6.52;12.12;6.06;
2;04.08.23 01:00:00;6.52;12.12;6.06;
2;05.08.23 01:00:00;6.52;12.12;6.06;
2;06.08.23 01:00:00;6.52;12.12;6.06;
2;07.08.23 01:00:00;6.52;12.12;6.06;
2;08.08.23 01:00:00;6.52;12.12;6.06;
2;09.08.23 01:00:00;6.52;12.12;6.06;
2;10.08.23 01:00:00;6.52;12.12;6.06;
2;11.08.23 01:00:00;6.52;12.12;6.06;
2;12.08.23 01:00:00;6.52;12.12;6.06;
2;13.08.23 01:00:00;6.52;12.12;6.06;
2;14.08.23 01:00:00;6.52;12.12;6.06;
2;15.08.23 01:00:00;6.52;12.12;6.06;
2;16.08.23 01:00:00;6.52;12.12;6.06;
2;17.08.23 01:00:00;6.52;12.12;6.06;
2;18.08.23 01:00:00;6.52;12.12;6.06;
2;19.08.23 01:00:00;6.52;12.12;6.06;
2;20.08.23 01:00:00;6.52;12.12;6.06;
2;21.08.23 01:00:00;6.52;12.12;6.06;
2;22.08.23 01:00:00;6.52;12.12;6.06;
2;23.08.23 01:00:00;6.52;12.12;6.06;
2;24.08.23 01:00:00;6.52;12.12;6.06;
2;25.08.23 01:00:00;6.52;12.12;6.06;
2;26.08.23 01:00:00;6.52;12.12;6.06;
2;27.08.23 01:00:00;6.52;12.12;6.06;
2;28.08.23 01:00:00;6.52;12.12;6.06;
2;29.08.23 01:00:00;6.52;12.12;6.06;
2;30.08.23 01:00:00;6.52;12.12;6.06;
2;31.08.23 01:00:00;6.52;12.12;6.06;
2;01.09.23 01:00:00;6.52;12.12;6.06;
2;02.09.23 01:00:00;6.52;12.12;6.06;
2;03.09.23 01:00:00;6.52;12.12;6.06;
2;04.09.23 01:00:00;6.52;12.12;6.06;
2;05.09.23 01:00:00;6.52;12.12;6.06;
2;06.09.23 01:00:00;6.52;12.12;6.06;
2;07.09.23 01:00:00;6.52;12.12;6.06;
2;08.09.23 01:00:00;6.52;12.12;6.06;
2;09.09.23 01:00:00;6.52;12.12;6.06;
2;10.09.23 01:00:00;6.52;12.12;6.06;
2;11.09.23 01:00:00;6.52;12.12;6.06;
2;12.09.23 01:00:00;6.52;12.12;6.06;
2;13.09.23 01:00:00;6.52;12.12;6.06;
2;14.09.23 01:00:00;6.52;12.12;6.06;
2;15.09.23 01:00:00;6.52;12.12;6.06;
2;16.09.23 01:00:00;6.52;12.12;6.06;
2;17.09.23 01:00:00;6.52;12.12;6.06;
2;18.09.23 01:00:00;6.52;12.12;6.06;
2;19.09.23 01:00:00;6.52;12.12;6.06;
2;20.09.23 01:00:00;6.52;12.12;6.06;
2;21.09.23 01:00:00;6.52;12.12;6.06;
2;22.09.23 01:00:00;6.52;12.12;6.06;
2;23.09.23 01:00:00;6.52;12.12;6.06;
2;24.09.23 01:00:00;6.52;12.12;6.06;
2;25.09.23 01:00:00;6.52;12.12;6.06;
2;26.09.23 01:00:00;6.52;12.12;6.06;
2;27.09.23 01:00:00;6.52;12.12;6.06;
2;28.09.23 01:00:00;6.52;12.12;6.06;
2;29.09.23 01:00:00;6.52;12.12;6.06;
2;30.09.23 01:00:00;6.52;12.12;6.06;
2;01.10.23 01:00:00;6.52;12.12;6.06;
2;02.10.23 01:00:00;6.52;12.12;6.06;
2;03.10.23 01:00:00;6.52;12.12;6.06;
2;04.10.23 01:00:00;6.52;12.12;6.06;
2;05.10.23 01:00:00;6.52;12.12;6.06;
2;06.10.23 01:00:00;6.52;12.12;6.06;
2;07.10.23 01:00:00;6.52;12.12;6.06;
2;08.10.23 01:00:00;6.52;12.12;6.06;
2;09.10.23 01:00:00;6.52;12.12;6.06;
2;10.10.23 01:00:00;6.52;12.12;6.06;
2;11.10.23 01:00:00;6.52;12.12;6.06;
2;12.10.23 01:00:00;6.52;12.12;6.06;
2;13.10.23 01:00:00;6.52;12.12;6.06;
2;14.10.23 01:00:00;6.52;12.12;6.06;
2;15.10.23 01:00:00;6.52;12.12;6.06;
2;16.10.23 01:00:00;6.52;12.12;6.06;
2;17.10.23 01:00:00;6.52;12.12;6.06;
2;18.10.23 01:00:00;6.52;12.12;6.06;
2;19.10.23 01:00:00;6.52;12.12;6.06;
2;20.10.23 01:00:00;6.52;12.12;6.06;
2;21.10.23 01:00:00;6.52;12.12;6.06;
2;22.10.23 01:00:00;6.52;12.12;6.06;
2;23.10.23 01:00:00;6.52;12.12;6.06;
2;24.10.23 01:00:00;6.52;12.12;6.06;
2;25.10.23 01:00:00;6.52;12.12;6.06;
2;26.10.23 01:00:00;6.52;12.12;6.06;
2;27.10.23 01:00:00;6.52;12.12;6.06;
2;28.10.23 01:00:00;6.52;12.12;6.06;
2;29.10.23 01:00:00;6.52;12.12;6.06;
2;30.10.23 00:00:00;6.52;12.12;6.06;
2;31.10.23 00:00:00;6.52;12.12;6.06;
2;01.11.23 00:00:00;6.52;12.12;6.06;
2;02.11.23 00:00:00;6.52;12.12;6.06;
2;03.11.23 00:00:00;6.52;12.12;6.06;
2;04.11.23 00:00:00;6.52;12.12;6.06;
2;05.11.23 00:00:00;6.52;12.12;6.06;
2;06.11.23 00:00:00;6.52;12.12;6.06;
2;07.11.23 00:00:00;6.52;12.12;6.06;
2;08.11.23 00:00:00;6.52;12.12;6.06;
2;09.11.23 00:00:00;6.52;12.12;6.06;
2;10.11.23 00:00:00;6.52;12.12;6.06;
2;11.11.23 00:00:00;6.52;12.12;6.06;
2;12.11.23 00:00:00;6.52;12.12;6.06;
2;13.11.23 00:00:00;6.52;12.12;6.06;
2;14.11.23 00:00:00;6.52;12.12;6.06;
2;15.11.23 00:00:00;6.52;12.12;6.06;
2;16.11.23 00:00:00;6.52;12.12;6.06;
2;17.11.23 00:00:00;6.52;12.12;6.06;
2;18.11.23 00:00:00;6.52;12.12;6.06;
2;19.11.23 00:00:00;6.52;12.12;6.06;
2;20.11.23 00:00:00;6.52;12.12;6.06;
2;21.11.23 00:00:00;6.52;12.12;6.06;
2;22.11.23 00:00:00;6.52;12.12;6.06;
2;23.11.23 00:00:00;6.52;12.12;6.06;
2;24.11.23 00:00:00;6.52;12.12;6.06;
2;25.11.23 00:00:00;6.52;12.12;6.06;
2;26.11.23 00:00:00;6.52;12.12;6.06;
2;27.11.23 00:00:00;6.52;12.12;6.06;
2;28.11.23 00:00:00;6.52;12.12;6.06;
2;29.11.23 00:00:00;6.52;12.12;6.06;
2;30.11.23 00:00:00;6.52;12.12;6.06;
2;01.12.23 00:00:00;6.52;12.12;6.06;
2;02.12.23 00:00:00;6.52;12.12;6.06;
2;03.12.23 00:00:00;6.52;12.12;6.06;
2;04.12.23 00:00:00;6.52;12.12;6.06;
2;05.12.23 00:00:00;6.52;12.12;6.06;
2;06.12.23 00:00:00;6.52;12.12;6.06;
2;07.12.23 00:00:00;6.52;12.12;6.06;
2;08.12.23 00:00:00;6.52;12.12;6.06;
2;09.12.23 00:00:00;6.52;12.12;6.06;
2;10.12.23 00:00:00;6.52;12.12;6.06;
2;11.12.23 00:00:00;6.52;12.12;6.06;
2;12.12.23 00:00:00;6.52;12.12;6.06;
2;13.12.23 00:00:00;6.52;12.12;6.06;
2;14.12.23 00:00:00;6.52;12.12;6.06;
2;15.12.23 00:00:00;6.52;12.12;6.06;
2;16.12.23 00:00:00;6.52;12.12;6.06;
2;17.12.23 00:00:00;6.52;12.12;6.06;
2;18.12.23 00:00:00;6.52;12.12;6.06;
2;19.12.23 00:00:00;6.52;12.12;6.06;
2;20.12.23 00:00:00;6.52;12.12;6.06;
2;21.12.23 00:00:00;6.52;12.12;6.06;
2;22.12.23 00:00:00;6.52;12.12;6.06;
2;23.12.23 00:00:00;6.52;12.12;6.06;
2;24.12.23 00:00:00;6.52;12.12;6.06;
2;25.12.23 00:00:00;6.52;12.12;6.06;
2;26.12.23 00:00:00;6.52;12.12;6.06;
2;27.12.23 00:00:00;6.52;12.12;6.06;
2;28.12.23 00:00:00;6.52;12.12;6.06;
2;29.12.23 00:00:00;6.52;12.12;6.06;
2;30.12.23 00:00:00;6.52;12.12;6.06;
2;31.12.23 00:00:00;6.52;12.12;6.06;
2;01.01.24 00:00:00;6.52;12.12;6.06;
3;01.11.22 00:00:00;6.52;12.12;6.06;
3;02.11.22 00:00:00;6.52;12.12;6.06;
3;03.11.22 00:00:00;6.52;12.12;6.06;
3;04.11.22 00:00:00;6.52;12.12;6.06;
3;05.11.22 00:00:00;6.52;12.12;6.06;
3;06.11.22 00:00:00;6.52;12.12;6.06;
3;07.11.22 00:00:00;6.52;12.12;6.06;
3;08.11.22 00:00:00;6.52;12.12;6.06;
3;09.11.22 00:00:00;6.52;12.12;6.06;
3;10.11.22 00:00:00;6.52;12.12;6.06;
3;11.11.22 00:00:00;6.52;12.12;6.06;
3;12.11.22 00:00:00;6.52;12.12;6.06;
3;13.11.22 00:00:00;6.52;12.12;6.06;
3;14.11.22 00:00:00;6.52;12.12;6.06;
3;15.11.22 00:00:00;6.52;12.12;6.06;
3;16.11.22 00:00:00;6.52;12.12;6.06;
3;17.11.22 00:00:00;6.52;12.12;6.06;
3;18.11.22 00:00:00;6.52;12.12;6.06;
3;19.11.22 00:00:00;6.52;12.12;6.06;
3;20.11.22 00:00:00;6.52;12.12;6.06;
3;21.11.22 00:00:00;6.52;12.12;6.06;
3;22.11.22 00:00:00;6.52;12.12;6.06;
3;23.11.22 00:00:00;6.52;12.12;6.06;
3;24.11.22 00:00:00;6.52;12.12;6.06;
3;25.11.22 00:00:00;6.52;12.12;6.06;
3;26.11.22 00:00:00;6.52;12.12;6.06;
3;27.11.22 00:00:00;6.52;12.12;6.06;
3;28.11.22 00:00:00;6.52;12.12;6.06;
3;29.11.22 00:00:00;6.52;12.12;6.06;
3;30.11.22 00:00:00;6.52;12.12;6.06;
3;01.12.22 00:00:00;6.52;12.12;6.06;
3;02.12.22 00:00:00;6.52;12.12;6.06;
3;03.12.22 00:00:00;6.52;12.12;6.06;
3;04.12.22 00:00:00;6.52;12.12;6.06;
3;05.12.22 00:00:00;6.52;12.12;6.06;
3;06.12.22 00:00:00;6.52;12.12;6.06;
3;07.12.22 00:00:00;6.52;12.12;6.06;
3;08.12.22 00:00:00;6.52;12.12;6.06;
3;09.12.22 00:00:00;6.52;12.12;6.06;
3;10.12.22 00:00:00;6.52;12.12;6.06;
3;11.12.22 00:00:00;6.52;12.12;6.06;
3;12.12.22 00:00:00;6.52;12.12;6.06;
3;13.12.22 00:00:00;6.52;12.12;6.06;
3;14.12.22 00:00:00;6.52;12.12;6.06;
3;15.12.22 00:00:00;6.52;12.12;6.06;
3;16.12.22 00:00:00;6.52;12.12;6.06;
3;17.12.22 00:00:00;6.52;12.12;6.06;
3;18.12.22 00:00:00;6.52;12.12;6.06;
3;19.12.22 00:00:00;6.52;12.12;6.06;
3;20.12.22 00:00:00;6.52;12.12;6.06;
3;21.12.22 00:00:00;6.52;12.12;6.06;
3;22.12.22 00:00:00;6.52;12.12;6.06;
3;23.12.22 00:00:00;6.52;12.12;6.06;
3;24.12.22 00:00:00;6.52;12.12;6.06;
3;25.12.22 00:00:00;6.52;12.12;6.06;
3;26.12.22 00:00:00;6.52;12.12;6.06;
3;27.12.22 00:00:00;6.52;12.12;6.06;
3;28.12.22 00:00:00;6.52;12.12;6.06;
3;29.12.22 00:00:00;6.52;12.12;6.06;
3;30.12.22 00:00:00;6.52;12.12;6.06;
3;31.12.22 00:00:00;6.52;12.12;6.06;
3;01.01.23 00:00:00;6.52;12.12;6.06;
3;02.01.23 00:00:00;6.52;12.12;6.06;
3;03.01.23 00:00:00;6.52;12.12;6.06;
3;04.01.23 00:00:00;6.52;12.12;6.06;
3;05.01.23 00:00:00;6.52;12.12;6.06;
3;06.01.23 00:00:00;6.52;12.12;6.06;
3;07.01.23 00:00:00;6.52;12.12;6.06;
3;08.01.23 00:00:00;6.52;12.12;6.06;
3;09.01.23 00:00:00;6.52;12.12;6.06;
3;10.01.23 00:00:00;6.52;12.12;6.06;
3;11.01.23 00:00:00;6.52;12.12;6.06;
3;12.01.23 00:00:00;6.52;12.12;6.06;
3;13.01.23 00:00:00;6.52;12.12;6.06;
3;14.01.23 00:00:00;6.52;12.12;6.06;
3;15.01.23 00:00:00;6.52;12.12;6.06;
3;16.01.23 00:00:00;6.52;12.12;6.06;
3;17.01.23 00:00:00;6.52;12.12;6.06;
3;18.01.23 00:00:00;6.52;12.12;6.06;
3;19.01.23 00:00:00;6.52;12.12;6.06;
3;20.01.23 00:00:00;6.52;12.12;6.06;
3;21.01.23 00:00:00;6.52;12.12;6.06;
3;22.01.23 00:00:00;6.52;12.12;6.06;
3;23.01.23 00:00:00;6.52;12.12;6.06;
3;24.01.23 00:00:00;6.52;12.12;6.06;
3;25.01.23 00:00:00;6.52;12.12;6.06;
3;26.01.23 00:00:00;6.52;12.12;6.06;
3;27.01.23 00:00:00;6.52;12.12;6.06;
3;28.01.23 00:00:00;6.52;12.12;6.06;
3;29.01.23 00:00:00;6.52;12.12;6.06;
3;30.01.23 00:00:00;6.52;12.12;6.06;
3;31.01.23 00:00:00;6.52;12.12;6.06;
3;01.02.23 00:00:00;6.52;12.12;6.06;
3;02.02.23 00:00:00;6.52;12.12;6.06;
3;03.02.23 00:00:00;6.52;12.12;6.06;
3;04.02.23 00:00:00;6.52;12.12;6.06;
3;05.02.23 00:00:00;6.52;12.12;6.06;
3;06.02.23 00:00:00;6.52;12.12;6.06;
3;07.02.23 00:00:00;6.52;12.12;6.06;
3;08.02.23 00:00:00;6.52;12.12;6.06;
3;09.02.23 00:00:00;6.52;12.12;6.06;
3;10.02.23 00:00:00;6.52;12.12;6.06;
3;11.02.23 00:00:00;6.52;12.12;6.06;
3;12.02.23 00:00:00;6.52;12.12;6.06;
3;13.02.23 00:00:00;6.52;12.12;6.06;
3;14.02.23 00:00:00;6.52;12.12;6.06;
3;15.02.23 00:00:00;6.52;12.12;6.06;
3;16.02.23 00:00:00;6.52;12.12;6.06;
3;17.02.23 00:00:00;6.52;12.12;6.06;
3;18.02.23 00:00:00;6.52;12.12;6.06;
3;19.02.23 00:00:00;6.52;12.12;6.06;
3;20.02.23 00:00:00;6.52;12.12;6.06;
3;21.02.23 00:00:00;6.52;12.12;6.06;
3;22.02.23 00:00:00;6.52;12.12;6.06;
3;23.02.23 00:00:00;6.52;12.12;6.06;
3;24.02.23 00:00:00;6.52;12.12;6.06;
3;25.02.23 00:00:00;6.52;12.12;6.06;
3;26.02.23 00:00:00;6.52;12.12;6.06;
3;27.02.23 00:00:00;6.52;12.12;6.06;
3;28.02.23 00:00:00;6.52;12.12;6.06;
3;01.03.23 00:00:00;6.52;12.12;6.06;
3;02.03.23 00:00:00;6.52;12.12;6.06;
3;03.03.23 00:00:00;6.52;12.12;6.06;
3;04.03.23 00:00:00;6.52;12.12;6.06;
3;05.03.23 00:00:00;6.52;12.12;6.06;
3;06.03.23 00:00:00;6.52;12.12;6.06;
3;07.03.23 00:00:00;6.52;12.12;6.06;
3;08.03.23 00:00:00;6.52;12.12;6.06;
3;09.03.23 00:00:00;6.52;12.12;6.06;
3;10.03.23 00:00:00;6.52;12.12;6.06;
3;11.03.23 00:00:00;6.52;12.12;6.06;
3;12.03.23 00:00:00;6.52;12.12;6.06;
3;13.03.23 00:00:00;6.52;12.12;6.06;
3;14.03.23 00:00:00;6.52;12.12;6.06;
3;15.03.23 00:00:00;6.52;12.12;6.06;
3;16.03.23 00:00:00;6.52;12.12;6.06;
3;17.03.23 00:00:00;6.52;12.12;6.06;
3;18.03.23 00:00:00;6.52;12.12;6.06;
3;19.03.23 00:00:00;6.52;12.12;6.06;
3;20.03.23 00:00:00;6.52;12.12;6.06;
3;21.03.23 00:00:00;6.52;12.12;6.06;
3;22.03.23 00:00:00;6.52;12.12;6.06;
3;23.03.23 00:00:00;6.52;12.12;6.06;
3;24.03.23 00:00:00;6.52;12.12;6.06;
3;25.03.23 00:00:00;6.52;12.12;6.06;
3;26.03.23 00:00:00;6.52;12.12;6.06;
3;27.03.23 01:00:00;6.52;12.12;6.06;
3;28.03.23 01:00:00;6.52;12.12;6.06;
3;29.03.23 01:00:00;6.52;12.12;6.06;
3;30.03.23 01:00:00;6.52;12.12;6.06;
3;31.03.23 01:00:00;6.52;12.12;6.06;
3;01.04.23 01:00:00;6.52;12.12;6.06;
3;02.04.23 01:00:00;6.52;12.12;6.06;
3;03.04.23 01:00:00;6.52;12.12;6.06;
3;04.04.23 01:00:00;6.52;12.12;6.06;
3;05.04.23 01:00:00;6.52;12.12;6.06;
3;06.04.23 01:00:00;6.52;12.12;6.06;
3;07.04.23 01:00:00;6.52;12.12;6.06;
3;08.04.23 01:00:00;6.52;12.12;6.06;
3;09.04.23 01:00:00;6.52;12.12;6.06;
3;10.04.23 01:00:00;6.52;12.12;6.06;
3;11.04.23 01:00:00;6.52;12.12;6.06;
3;12.04.23 01:00:00;6.52;12.12;6.06;
3;13.04.23 01:00:00;6.52;12.12;6.06;
3;14.04.23 01:00:00;6.52;12.12;6.06;
3;15.04.23 01:00:00;6.52;12.12;6.06;
3;16.04.23 01:00:00;6.52;12.12;6.06;
3;17.04.23 01:00:00;6.52;12.12;6.06;
3;18.04.23 01:00:00;6.52;12.12;6.06;
3;19.04.23 01:00:00;6.52;12.12;6.06;
3;20.04.23 01:00:00;6.52;12.12;6.06;
3;21.04.23 01:00:00;6.52;12.12;6.06;
3;22.04.23 01:00:00;6.52;12.12;6.06;
3;23.04.23 01:00:00;6.52;12.12;6.06;
3;24.04.23 01:00:00;6.52;12.12;6.06;
3;25.04.23 01:00:00;6.52;12.12;6.06;
3;26.04.23 01:00:00;6.52;12.12;6.06;
3;27.04.23 01:00:00;6.52;12.12;6.06;
3;28.04.23 01:00:00;6.52;12.12;6.06;
3;29.04.23 01:00:00;6.52;12.12;6.06;
3;30.04.23 01:00:00;6.52;12.12;6.06;
3;01.05.23 01:00:00;6.52;12.12;6.06;
3;02.05.23 01:00:00;6.52;12.12;6.06;
3;03.05.23 01:00:00;6.52;12.12;6.06;
3;04.05.23 01:00:00;6.52;12.12;6.06;
3;05.05.23 01:00:00;6.52;12.12;6.06;
3;06.05.23 01:00:00;6.52;12.12;6.06;
3;07.05.23 01:00:00;6.52;12.12;6.06;
3;08.05.23 01:00:00;6.52;12.12;6.06;
3;09.05.23 01:00:00;6.52;12.12;6.06;
3;10.05.23 01:00:00;6.52;12.12;6.06;
3;11.05.23 01:00:00;6.52;12.12;6.06;
3;12.05.23 01:00:00;6.52;12.12;6.06;
3;13.05.23 01:00:00;6.52;12.12;6.06;
3;14.05.23 01:00:00;6.52;12.12;6.06;
3;15.05.23 01:00:00;6.52;12.12;6.06;
3;16.05.23 01:00:00;6.52;12.12;6.06;
3;17.05.23 01:00:00;6.52;12.12;6.06;
3;18.05.23 01:00:00;6.52;12.12;6.06;
3;19.05.23 01:00:00;6.52;12.12;6.06;
3;20.05.23 01:00:00;6.52;12.12;6.06;
3;21.05.23 01:00:00;6.52;12.12;6.06;
3;22.05.23 01:00:00;6.52;12.12;6.06;
3;23.05.23 01:00:00;6.52;12.12;6.06;
3;24.05.23 01:00:00;6.52;12.12;6.06;
3;25.05.23 01:00:00;6.52;12.12;6.06;
3;26.05.23 01:00:00;6.52;12.12;6.06;
3;27.05.23 01:00:00;6.52;12.12;6.06;
3;28.05.23 01:00:00;6.52;12.12;6.06;
3;29.05.23 01:00:00;6.52;12.12;6.06;
3;30.05.23 01:00:00;6.52;12.12;6.06;
3;31.05.23 01:00:00;6.52;12.12;6.06;
3;01.06.23 01:00:00;6.52;12.12;6.06;
3;02.06.23 01:00:00;6.52;12.12;6.06;
3;03.06.23 01:00:00;6.52;12.12;6.06;
3;04.06.23 01:00:00;6.52;12.12;6.06;
3;05.06.23 01:00:00;6.52;12.12;6.06;
3;06.06.23 01:00:00;6.52;12.12;6.06;
3;07.06.23 01:00:00;6.52;12.12;6.06;
3;08.06.23 01:00:00;6.52;12.12;6.06;
3;09.06.23 01:00:00;6.52;12.12;6.06;
3;10.06.23 01:00:00;6.52;12.12;6.06;
3;11.06.23 01:00:00;6.52;12.12;6.06;
3;12.06.23 01:00:00;6.52;12.12;6.06;
3;13.06.23 01:00:00;6.52;12.12;6.06;
3;14.06.23 01:00:00;6.52;12.12;6.06;
3;15.06.23 01:00:00;6.52;12.12;6.06;
3;16.06.23 01:00:00;6.52;12.12;6.06;
3;17.06.23 01:00:00;6.52;12.12;6.06;
3;18.06.23 01:00:00;6.52;12.12;6.06;
3;19.06.23 01:00:00;6.52;12.12;6.06;
3;20.06.23 01:00:00;6.52;12.12;6.06;
3;21.06.23 01:00:00;6.52;12.12;6.06;
3;22.06.23 01:00:00;6.52;12.12;6.06;
3;23.06.23 01:00:00;6.52;12.12;6.06;
3;24.06.23 01:00:00;6.52;12.12;6.06;
3;25.06.23 01:00:00;6.52;12.12;6.06;
3;26.06.23 01:00:00;6.52;12.12;6.06;
3;27.06.23 01:00:00;6.52;12.12;6.06;
3;28.06.23 01:00:00;6.52;12.12;6.06;
3;29.06.23 01:00:00;6.52;12.12;6.06;
3;30.06.23 01:00:00;6.52;12.12;6.06;
3;01.07.23 01:00:00;6.52;12.12;6.06;
3;02.07.23 01:00:00;6.52;12.12;6.06;
3;03.07.23 01:00:00;6.52;12.12;6.06;
3;04.07.23 01:00:00;6.52;12.12;6.06;
3;05.07.23 01:00:00;6.52;12.12;6.06;
3;06.07.23 01:00:00;6.52;12.12;6.06;
3;07.07.23 01:00:00;6.52;12.12;6.06;
3;08.07.23 01:00:00;6.52;12.12;6.06;
3;09.07.23 01:00:00;6.52;12.12;6.06;
3;10.07.23 01:00:00;6.52;12.12;6.06;
3;11.07.23 01:00:00;6.52;12.12;6.06;
3;12.07.23 01:00:00;6.52;12.12;6.06;
3;13.07.23 01:00:00;6.52;12.12;6.06;
3;14.07.23 01:00:00;6.52;12.12;6.06;
3;15.07.23 01:00:00;6.52;12.12;6.06;
3;16.07.23 01:00:00;6.52;12.12;6.06;
3;17.07.23 01:00:00;6.52;12.12;6.06;
3;18.07.23 01:00:00;6.52;12.12;6.06;
3;19.07.23 01:00:00;6.52;12.12;6.06;
3;20.07.23 01:00:00;6.52;12.12;6.06;
3;21.07.23 01:00:00;6.52;12.12;6.06;
3;22.07.23 01:00:00;6.52;12.12;6.06;
3;23.07.23 01:00:00;6.52;12.12;6.06;
3;24.07.23 01:00:00;6.52;12.12;6.06;
3;25.07.23 01:00:00;6.52;12.12;6.06;
3;26.07.23 01:00:00;6.52;12.12;6.06;
3;27.07.23 01:00:00;6.52;12.12;6.06;
3;28.07.23 01:00:00;6.52;12.12;6.06;
3;29.07.23 01:00:00;6.52;12.12;6.06;
3;30.07.23 01:00:00;6.52;12.12;6.06;
3;31.07.23 01:00:00;6.52;12.12;6.06;
3;01.08.23 01:00:00;6.52;12.12;6.06;
3;02.08.23 01:00:00;6.52;12.12;6.06;
3;03.08.23 01:00:00;6.52;12.12;6.06;
3;04.08.23 01:00:00;6.52;12.12;6.06;
3;05.08.23 01:00:00;6.52;12.12;6.06;
3;06.08.23 01:00:00;6.52;12.12;6.06;
3;07.08.23 01:00:00;6.52;12.12;6.06;
3;08.08.23 01:00:00;6.52;12.12;6.06;
3;09.08.23 01:00:00;6.52;12.12;6.06;
3;10.08.23 01:00:00;6.52;12.12;6.06;
3;11.08.23 01:00:00;6.52;12.12;6.06;
3;12.08.23 01:00:00;6.52;12.12;6.06;
3;13.08.23 01:00:00;6.52;12.12;6.06;
3;14.08.23 01:00:00;6.52;12.12;6.06;
3;15.08.23 01:00:00;6.52;12.12;6.06;
3;16.08.23 01:00:00;6.52;12.12;6.06;
3;17.08.23 01:00:00;6.52;12.12;6.06;
3;18.08.23 01:00:00;6.52;12.12;6.06;
3;19.08.23 01:00:00;6.52;12.12;6.06;
3;20.08.23 01:00:00;6.52;12.12;6.06;
3;21.08.23 01:00:00;6.52;12.12;6.06;
3;22.08.23 01:00:00;6.52;12.12;6.06;
3;23.08.23 01:00:00;6.52;12.12;6.06;
3;24.08.23 01:00:00;6.52;12.12;6.06;
3;25.08.23 01:00:00;6.52;12.12;6.06;
3;26.08.23 01:00:00;6.52;12.12;6.06;
3;27.08.23 01:00:00;6.52;12.12;6.06;
3;28.08.23 01:00:00;6.52;12.12;6.06;
3;29.08.23 01:00:00;6.52;12.12;6.06;
3;30.08.23 01:00:00;6.52;12.12;6.06;
3;31.08.23 01:00:00;6.52;12.12;6.06;
3;01.09.23 01:00:00;6.52;12.12;6.06;
3;02.09.23 01:00:00;6.52;12.12;6.06;
3;03.09.23 01:00:00;6.52;12.12;6.06;
3;04.09.23 01:00:00;6.52;12.12;6.06;
3;05.09.23 01:00:00;6.52;12.12;6.06;
3;06.09.23 01:00:00;6.52;12.12;6.06;
3;07.09.23 01:00:00;6.52;12.12;6.06;
3;08.09.23 01:00:00;6.52;12.12;6.06;
3;09.09.23 01:00:00;6.52;12.12;6.06;
3;10.09.23 01:00:00;6.52;12.12;6.06;
3;11.09.23 01:00:00;6.52;12.12;6.06;
3;12.09.23 01:00:00;6.52;12.12;6.06;
3;13.09.23 01:00:00;6.52;12.12;6.06;
3;14.09.23 01:00:00;6.52;12.12;6.06;
3;15.09.23 01:00:00;6.52;12.12;6.06;
3;16.09.23 01:00:00;6.52;12.12;6.06;
3;17.09.23 01:00:00;6.52;12.12;6.06;
3;18.09.23 01:00:00;6.52;12.12;6.06;
3;19.09.23 01:00:00;6.52;12.12;6.06;
3;20.09.23 01:00:00;6.52;12.12;6.06;
3;21.09.23 01:00:00;6.52;12.12;6.06;
3;22.09.23 01:00:00;6.52;12.12;6.06;
3;23.09.23 01:00:00;6.52;12.12;6.06;
3;24.09.23 01:00:00;6.52;12.12;6.06;
3;25.09.23 01:00:00;6.52;12.12;6.06;
3;26.09.23 01:00:00;6.52;12.12;6.06;
3;27.09.23 01:00:00;6.52;12.12;6.06;
3;28.09.23 01:00:00;6.52;12.12;6.06;
3;29.09.23 01:00:00;6.52;12.12;6.06;
3;30.09.23 01:00:00;6.52;12.12;6.06;
3;01.10.23 01:00:00;6.52;12.12;6.06;
3;02.10.23 01:00:00;6.52;12.12;6.06;
3;03.10.23 01:00:00;6.52;12.12;6.06;
3;04.10.23 01:00:00;6.52;12.12;6.06;
3;05.10.23 01:00:00;6.52;12.12;6.06;
3;06.10.23 01:00:00;6.52;12.12;6.06;
3;07.10.23 01:00:00;6.52;12.12;6.06;
3;08.10.23 01:00:00;6.52;12.12;6.06;
3;09.10.23 01:00:00;6.52;12.12;6.06;
3;10.10.23 01:00:00;6.52;12.12;6.06;
3;11.10.23 01:00:00;6.52;12.12;6.06;
3;12.10.23 01:00:00;6.52;12.12;6.06;
3;13.10.23 01:00:00;6.52;12.12;6.06;
3;14.10.23 01:00:00;6.52;12.12;6.06;
3;15.10.23 01:00:00;6.52;12.12;6.06;
3;16.10.23 01:00:00;6.52;12.12;6.06;
3;17.10.23 01:00:00;6.52;12.12;6.06;
3;18.10.23 01:00:00;6.52;12.12;6.06;
3;19.10.23 01:00:00;6.52;12.12;6.06;
3;20.10.23 01:00:00;6.52;12.12;6.06;
3;21.10.23 01:00:00;6.52;12.12;6.06;
3;22.10.23 01:00:00;6.52;12.12;6.06;
3;23.10.23 01:00:00;6.52;12.12;6.06;
3;24.10.23 01:00:00;6.52;12.12;6.06;
3;25.10.23 01:00:00;6.52;12.12;6.06;
3;26.10.23 01:00:00;6.52;12.12;6.06;
3;27.10.23 01:00:00;6.52;12.12;6.06;
3;28.10.23 01:00:00;6.52;12.12;6.06;
3;29.10.23 01:00:00;6.52;12.12;6.06;
3;30.10.23 00:00:00;6.52;12.12;6.06;
3;31.10.23 00:00:00;6.52;12.12;6.06;
3;01.11.23 00:00:00;6.52;12.12;6.06;
3;02.11.23 00:00:00;6.52;12.12;6.06;
3;03.11.23 00:00:00;6.52;12.12;6.06;
3;04.11.23 00:00:00;6.52;12.12;6.06;
3;05.11.23 00:00:00;6.52;12.12;6.06;
3;06.11.23 00:00:00;6.52;12.12;6.06;
3;07.11.23 00:00:00;6.52;12.12;6.06;
3;08.11.23 00:00:00;6.52;12.12;6.06;
3;09.11.23 00:00:00;6.52;12.12;6.06;
3;10.11.23 00:00:00;6.52;12.12;6.06;
3;11.11.23 00:00:00;6.52;12.12;6.06;
3;12.11.23 00:00:00;6.52;12.12;6.06;
3;13.11.23 00:00:00;6.52;12.12;6.06;
3;14.11.23 00:00:00;6.52;12.12;6.06;
3;15.11.23 00:00:00;6.52;12.12;6.06;
3;16.11.23 00:00:00;6.52;12.12;6.06;
3;17.11.23 00:00:00;6.52;12.12;6.06;
3;18.11.23 00:00:00;6.52;12.12;6.06;
3;19.11.23 00:00:00;6.52;12.12;6.06;
3;20.11.23 00:00:00;6.52;12.12;6.06;
3;21.11.23 00:00:00;6.52;12.12;6.06;
3;22.11.23 00:00:00;6.52;12.12;6.06;
3;23.11.23 00:00:00;6.52;12.12;6.06;
3;24.11.23 00:00:00;6.52;12.12;6.06;
3;25.11.23 00:00:00;6.52;12.12;6.06;
3;26.11.23 00:00:00;6.52;12.12;6.06;
3;27.11.23 00:00:00;6.52;12.12;6.06;
3;28.11.23 00:00:00;6.52;12.12;6.06;
3;29.11.23 00:00:00;6.52;12.12;6.06;
3;30.11.23 00:00:00;6.52;12.12;6.06;
3;01.12.23 00:00:00;6.52;12.12;6.06;
3;02.12.23 00:00:00;6.52;12.12;6.06;
3;03.12.23 00:00:00;6.52;12.12;6.06;
3;04.12.23 00:00:00;6.52;12.12;6.06;
3;05.12.23 00:00:00;6.52;12.12;6.06;
3;06.12.23 00:00:00;6.52;12.12;6.06;
3;07.12.23 00:00:00;6.52;12.12;6.06;
3;08.12.23 00:00:00;6.52;12.12;6.06;
3;09.12.23 00:00:00;6.52;12.12;6.06;
3;10.12.23 00:00:00;6.52;12.12;6.06;
3;11.12.23 00:00:00;6.52;12.12;6.06;
3;12.12.23 00:00:00;6.52;12.12;6.06;
3;13.12.23 00:00:00;6.52;12.12;6.06;
3;14.12.23 00:00:00;6.52;12.12;6.06;
3;15.12.23 00:00:00;6.52;12.12;6.06;
3;16.12.23 00:00:00;6.52;12.12;6.06;
3;17.12.23 00:00:00;6.52;12.12;6.06;
3;18.12.23 00:00:00;6.52;12.12;6.06;
3;19.12.23 00:00:00;6.52;12.12;6.06;
3;20.12.23 00:00:00;6.52;12.12;6.06;
3;21.12.23 00:00:00;6.52;12.12;6.06;
3;22.12.23 00:00:00;6.52;12.12;6.06;
3;23.12.23 00:00:00;6.52;12.12;6.06;
3;24.12.23 00:00:00;6.52;12.12;6.06;
3;25.12.23 00:00:00;6.52;12.12;6.06;
3;26.12.23 00:00:00;6.52;12.12;6.06;
3;27.12.23 00:00:00;6.52;12.12;6.06;
3;28.12.23 00:00:00;6.52;12.12;6.06;
3;29.12.23 00:00:00;6.52;12.12;6.06;
3;30.12.23 00:00:00;6.52;12.12;6.06;
3;31.12.23 00:00:00;6.52;12.12;6.06;
3;01.01.24 00:00:00;6.52;12.12;6.06;
4;01.11.22 00:00:00;6.52;12.12;6.06;
4;02.11.22 00:00:00;6.52;12.12;6.06;
4;03.11.22 00:00:00;6.52;12.12;6.06;
4;04.11.22 00:00:00;6.52;12.12;6.06;
4;05.11.22 00:00:00;6.52;12.12;6.06;
4;06.11.22 00:00:00;6.52;12.12;6.06;
4;07.11.22 00:00:00;6.52;12.12;6.06;
4;08.11.22 00:00:00;6.52;12.12;6.06;
4;09.11.22 00:00:00;6.52;12.12;6.06;
4;10.11.22 00:00:00;6.52;12.12;6.06;
4;11.11.22 00:00:00;6.52;12.12;6.06;
4;12.11.22 00:00:00;6.52;12.12;6.06;
4;13.11.22 00:00:00;6.52;12.12;6.06;
4;14.11.22 00:00:00;6.52;12.12;6.06;
4;15.11.22 00:00:00;6.52;12.12;6.06;
4;16.11.22 00:00:00;6.52;12.12;6.06;
4;17.11.22 00:00:00;6.52;12.12;6.06;
4;18.11.22 00:00:00;6.52;12.12;6.06;
4;19.11.22 00:00:00;6.52;12.12;6.06;
4;20.11.22 00:00:00;6.52;12.12;6.06;
4;21.11.22 00:00:00;6.52;12.12;6.06;
4;22.11.22 00:00:00;6.52;12.12;6.06;
4;23.11.22 00:00:00;6.52;12.12;6.06;
4;24.11.22 00:00:00;6.52;12.12;6.06;
4;25.11.22 00:00:00;6.52;12.12;6.06;
4;26.11.22 00:00:00;6.52;12.12;6.06;
4;27.11.22 00:00:00;6.52;12.12;6.06;
4;28.11.22 00:00:00;6.52;12.12;6.06;
4;29.11.22 00:00:00;6.52;12.12;6.06;
4;30.11.22 00:00:00;6.52;12.12;6.06;
4;01.12.22 00:00:00;6.52;12.12;6.06;
4;02.12.22 00:00:00;6.52;12.12;6.06;
4;03.12.22 00:00:00;6.52;12.12;6.06;
4;04.12.22 00:00:00;6.52;12.12;6.06;
4;05.12.22 00:00:00;6.52;12.12;6.06;
4;06.12.22 00:00:00;6.52;12.12;6.06;
4;07.12.22 00:00:00;6.52;12.12;6.06;
4;08.12.22 00:00:00;6.52;12.12;6.06;
4;09.12.22 00:00:00;6.52;12.12;6.06;
4;10.12.22 00:00:00;6.52;12.12;6.06;
4;11.12.22 00:00:00;6.52;12.12;6.06;
4;12.12.22 00:00:00;6.52;12.12;6.06;
4;13.12.22 00:00:00;6.52;12.12;6.06;
4;14.12.22 00:00:00;6.52;12.12;6.06;
4;15.12.22 00:00:00;6.52;12.12;6.06;
4;16.12.22 00:00:00;6.52;12.12;6.06;
4;17.12.22 00:00:00;6.52;12.12;6.06;
4;18.12.22 00:00:00;6.52;12.12;6.06;
4;19.12.22 00:00:00;6.52;12.12;6.06;
4;20.12.22 00:00:00;6.52;12.12;6.06;
4;21.12.22 00:00:00;6.52;12.12;6.06;
4;22.12.22 00:00:00;6.52;12.12;6.06;
4;23.12.22 00:00:00;6.52;12.12;6.06;
4;24.12.22 00:00:00;6.52;12.12;6.06;
4;25.12.22 00:00:00;6.52;12.12;6.06;
4;26.12.22 00:00:00;6.52;12.12;6.06;
4;27.12.22 00:00:00;6.52;12.12;6.06;
4;28.12.22 00:00:00;6.52;12.12;6.06;
4;29.12.22 00:00:00;6.52;12.12;6.06;
4;30.12.22 00:00:00;6.52;12.12;6.06;
4;31.12.22 00:00:00;6.52;12.12;6.06;
4;01.01.23 00:00:00;6.52;12.12;6.06;
4;02.01.23 00:00:00;6.52;12.12;6.06;
4;03.01.23 00:00:00;6.52;12.12;6.06;
4;04.01.23 00:00:00;6.52;12.12;6.06;
4;05.01.23 00:00:00;6.52;12.12;6.06;
4;06.01.23 00:00:00;6.52;12.12;6.06;
4;07.01.23 00:00:00;6.52;12.12;6.06;
4;08.01.23 00:00:00;6.52;12.12;6.06;
4;09.01.23 00:00:00;6.52;12.12;6.06;
4;10.01.23 00:00:00;6.52;12.12;6.06;
4;11.01.23 00:00:00;6.52;12.12;6.06;
4;12.01.23 00:00:00;6.52;12.12;6.06;
4;13.01.23 00:00:00;6.52;12.12;6.06;
4;14.01.23 00:00:00;6.52;12.12;6.06;
4;15.01.23 00:00:00;6.52;12.12;6.06;
4;16.01.23 00:00:00;6.52;12.12;6.06;
4;17.01.23 00:00:00;6.52;12.12;6.06;
4;18.01.23 00:00:00;6.52;12.12;6.06;
4;19.01.23 00:00:00;6.52;12.12;6.06;
4;20.01.23 00:00:00;6.52;12.12;6.06;
4;21.01.23 00:00:00;6.52;12.12;6.06;
4;22.01.23 00:00:00;6.52;12.12;6.06;
4;23.01.23 00:00:00;6.52;12.12;6.06;
4;24.01.23 00:00:00;6.52;12.12;6.06;
4;25.01.23 00:00:00;6.52;12.12;6.06;
4;26.01.23 00:00:00;6.52;12.12;6.06;
4;27.01.23 00:00:00;6.52;12.12;6.06;
4;28.01.23 00:00:00;6.52;12.12;6.06;
4;29.01.23 00:00:00;6.52;12.12;6.06;
4;30.01.23 00:00:00;6.52;12.12;6.06;
4;31.01.23 00:00:00;6.52;12.12;6.06;
4;01.02.23 00:00:00;6.52;12.12;6.06;
4;02.02.23 00:00:00;6.52;12.12;6.06;
4;03.02.23 00:00:00;6.52;12.12;6.06;
4;04.02.23 00:00:00;6.52;12.12;6.06;
4;05.02.23 00:00:00;6.52;12.12;6.06;
4;06.02.23 00:00:00;6.52;12.12;6.06;
4;07.02.23 00:00:00;6.52;12.12;6.06;
4;08.02.23 00:00:00;6.52;12.12;6.06;
4;09.02.23 00:00:00;6.52;12.12;6.06;
4;10.02.23 00:00:00;6.52;12.12;6.06;
4;11.02.23 00:00:00;6.52;12.12;6.06;
4;12.02.23 00:00:00;6.52;12.12;6.06;
4;13.02.23 00:00:00;6.52;12.12;6.06;
4;14.02.23 00:00:00;6.52;12.12;6.06;
4;15.02.23 00:00:00;6.52;12.12;6.06;
4;16.02.23 00:00:00;6.52;12.12;6.06;
4;17.02.23 00:00:00;6.52;12.12;6.06;
4;18.02.23 00:00:00;6.52;12.12;6.06;
4;19.02.23 00:00:00;6.52;12.12;6.06;
4;20.02.23 00:00:00;6.52;12.12;6.06;
4;21.02.23 00:00:00;6.52;12.12;6.06;
4;22.02.23 00:00:00;6.52;12.12;6.06;
4;23.02.23 00:00:00;6.52;12.12;6.06;
4;24.02.23 00:00:00;6.52;12.12;6.06;
4;25.02.23 00:00:00;6.52;12.12;6.06;
4;26.02.23 00:00:00;6.52;12.12;6.06;
4;27.02.23 00:00:00;6.52;12.12;6.06;
4;28.02.23 00:00:00;6.52;12.12;6.06;
4;01.03.23 00:00:00;6.52;12.12;6.06;
4;02.03.23 00:00:00;6.52;12.12;6.06;
4;03.03.23 00:00:00;6.52;12.12;6.06;
4;04.03.23 00:00:00;6.52;12.12;6.06;
4;05.03.23 00:00:00;6.52;12.12;6.06;
4;06.03.23 00:00:00;6.52;12.12;6.06;
4;07.03.23 00:00:00;6.52;12.12;6.06;
4;08.03.23 00:00:00;6.52;12.12;6.06;
4;09.03.23 00:00:00;6.52;12.12;6.06;
4;10.03.23 00:00:00;6.52;12.12;6.06;
4;11.03.23 00:00:00;6.52;12.12;6.06;
4;12.03.23 00:00:00;6.52;12.12;6.06;
4;13.03.23 00:00:00;6.52;12.12;6.06;
4;14.03.23 00:00:00;6.52;12.12;6.06;
4;15.03.23 00:00:00;6.52;12.12;6.06;
4;16.03.23 00:00:00;6.52;12.12;6.06;
4;17.03.23 00:00:00;6.52;12.12;6.06;
4;18.03.23 00:00:00;6.52;12.12;6.06;
4;19.03.23 00:00:00;6.52;12.12;6.06;
4;20.03.23 00:00:00;6.52;12.12;6.06;
4;21.03.23 00:00:00;6.52;12.12;6.06;
4;22.03.23 00:00:00;6.52;12.12;6.06;
4;23.03.23 00:00:00;6.52;12.12;6.06;
4;24.03.23 00:00:00;6.52;12.12;6.06;
4;25.03.23 00:00:00;6.52;12.12;6.06;
4;26.03.23 00:00:00;6.52;12.12;6.06;
4;27.03.23 01:00:00;6.52;12.12;6.06;
4;28.03.23 01:00:00;6.52;12.12;6.06;
4;29.03.23 01:00:00;6.52;12.12;6.06;
4;30.03.23 01:00:00;6.52;12.12;6.06;
4;31.03.23 01:00:00;6.52;12.12;6.06;
4;01.04.23 01:00:00;6.52;12.12;6.06;
4;02.04.23 01:00:00;6.52;12.12;6.06;
4;03.04.23 01:00:00;6.52;12.12;6.06;
4;04.04.23 01:00:00;6.52;12.12;6.06;
4;05.04.23 01:00:00;6.52;12.12;6.06;
4;06.04.23 01:00:00;6.52;12.12;6.06;
4;07.04.23 01:00:00;6.52;12.12;6.06;
4;08.04.23 01:00:00;6.52;12.12;6.06;
4;09.04.23 01:00:00;6.52;12.12;6.06;
4;10.04.23 01:00:00;6.52;12.12;6.06;
4;11.04.23 01:00:00;6.52;12.12;6.06;
4;12.04.23 01:00:00;6.52;12.12;6.06;
4;13.04.23 01:00:00;6.52;12.12;6.06;
4;14.04.23 01:00:00;6.52;12.12;6.06;
4;15.04.23 01:00:00;6.52;12.12;6.06;
4;16.04.23 01:00:00;6.52;12.12;6.06;
4;17.04.23 01:00:00;6.52;12.12;6.06;
4;18.04.23 01:00:00;6.52;12.12;6.06;
4;19.04.23 01:00:00;6.52;12.12;6.06;
4;20.04.23 01:00:00;6.52;12.12;6.06;
4;21.04.23 01:00:00;6.52;12.12;6.06;
4;22.04.23 01:00:00;6.52;12.12;6.06;
4;23.04.23 01:00:00;6.52;12.12;6.06;
4;24.04.23 01:00:00;6.52;12.12;6.06;
4;25.04.23 01:00:00;6.52;12.12;6.06;
4;26.04.23 01:00:00;6.52;12.12;6.06;
4;27.04.23 01:00:00;6.52;12.12;6.06;
4;28.04.23 01:00:00;6.52;12.12;6.06;
4;29.04.23 01:00:00;6.52;12.12;6.06;
4;30.04.23 01:00:00;6.52;12.12;6.06;
4;01.05.23 01:00:00;6.52;12.12;6.06;
4;02.05.23 01:00:00;6.52;12.12;6.06;
4;03.05.23 01:00:00;6.52;12.12;6.06;
4;04.05.23 01:00:00;6.52;12.12;6.06;
4;05.05.23 01:00:00;6.52;12.12;6.06;
4;06.05.23 01:00:00;6.52;12.12;6.06;
4;07.05.23 01:00:00;6.52;12.12;6.06;
4;08.05.23 01:00:00;6.52;12.12;6.06;
4;09.05.23 01:00:00;6.52;12.12;6.06;
4;10.05.23 01:00:00;6.52;12.12;6.06;
4;11.05.23 01:00:00;6.52;12.12;6.06;
4;12.05.23 01:00:00;6.52;12.12;6.06;
4;13.05.23 01:00:00;6.52;12.12;6.06;
4;14.05.23 01:00:00;6.52;12.12;6.06;
4;15.05.23 01:00:00;6.52;12.12;6.06;
4;16.05.23 01:00:00;6.52;12.12;6.06;
4;17.05.23 01:00:00;6.52;12.12;6.06;
4;18.05.23 01:00:00;6.52;12.12;6.06;
4;19.05.23 01:00:00;6.52;12.12;6.06;
4;20.05.23 01:00:00;6.52;12.12;6.06;
4;21.05.23 01:00:00;6.52;12.12;6.06;
4;22.05.23 01:00:00;6.52;12.12;6.06;
4;23.05.23 01:00:00;6.52;12.12;6.06;
4;24.05.23 01:00:00;6.52;12.12;6.06;
4;25.05.23 01:00:00;6.52;12.12;6.06;
4;26.05.23 01:00:00;6.52;12.12;6.06;
4;27.05.23 01:00:00;6.52;12.12;6.06;
4;28.05.23 01:00:00;6.52;12.12;6.06;
4;29.05.23 01:00:00;6.52;12.12;6.06;
4;30.05.23 01:00:00;6.52;12.12;6.06;
4;31.05.23 01:00:00;6.52;12.12;6.06;
4;01.06.23 01:00:00;6.52;12.12;6.06;
4;02.06.23 01:00:00;6.52;12.12;6.06;
4;03.06.23 01:00:00;6.52;12.12;6.06;
4;04.06.23 01:00:00;6.52;12.12;6.06;
4;05.06.23 01:00:00;6.52;12.12;6.06;
4;06.06.23 01:00:00;6.52;12.12;6.06;
4;07.06.23 01:00:00;6.52;12.12;6.06;
4;08.06.23 01:00:00;6.52;12.12;6.06;
4;09.06.23 01:00:00;6.52;12.12;6.06;
4;10.06.23 01:00:00;6.52;12.12;6.06;
4;11.06.23 01:00:00;6.52;12.12;6.06;
4;12.06.23 01:00:00;6.52;12.12;6.06;
4;13.06.23 01:00:00;6.52;12.12;6.06;
4;14.06.23 01:00:00;6.52;12.12;6.06;
4;15.06.23 01:00:00;6.52;12.12;6.06;
4;16.06.23 01:00:00;6.52;12.12;6.06;
4;17.06.23 01:00:00;6.52;12.12;6.06;
4;18.06.23 01:00:00;6.52;12.12;6.06;
4;19.06.23 01:00:00;6.52;12.12;6.06;
4;20.06.23 01:00:00;6.52;12.12;6.06;
4;21.06.23 01:00:00;6.52;12.12;6.06;
4;22.06.23 01:00:00;6.52;12.12;6.06;
4;23.06.23 01:00:00;6.52;12.12;6.06;
4;24.06.23 01:00:00;6.52;12.12;6.06;
4;25.06.23 01:00:00;6.52;12.12;6.06;
4;26.06.23 01:00:00;6.52;12.12;6.06;
4;27.06.23 01:00:00;6.52;12.12;6.06;
4;28.06.23 01:00:00;6.52;12.12;6.06;
4;29.06.23 01:00:00;6.52;12.12;6.06;
4;30.06.23 01:00:00;6.52;12.12;6.06;
4;01.07.23 01:00:00;6.52;12.12;6.06;
4;02.07.23 01:00:00;6.52;12.12;6.06;
4;03.07.23 01:00:00;6.52;12.12;6.06;
4;04.07.23 01:00:00;6.52;12.12;6.06;
4;05.07.23 01:00:00;6.52;12.12;6.06;
4;06.07.23 01:00:00;6.52;12.12;6.06;
4;07.07.23 01:00:00;6.52;12.12;6.06;
4;08.07.23 01:00:00;6.52;12.12;6.06;
4;09.07.23 01:00:00;6.52;12.12;6.06;
4;10.07.23 01:00:00;6.52;12.12;6.06;
4;11.07.23 01:00:00;6.52;12.12;6.06;
4;12.07.23 01:00:00;6.52;12.12;6.06;
4;13.07.23 01:00:00;6.52;12.12;6.06;
4;14.07.23 01:00:00;6.52;12.12;6.06;
4;15.07.23 01:00:00;6.52;12.12;6.06;
4;16.07.23 01:00:00;6.52;12.12;6.06;
4;17.07.23 01:00:00;6.52;12.12;6.06;
4;18.07.23 01:00:00;6.52;12.12;6.06;
4;19.07.23 01:00:00;6.52;12.12;6.06;
4;20.07.23 01:00:00;6.52;12.12;6.06;
4;21.07.23 01:00:00;6.52;12.12;6.06;
4;22.07.23 01:00:00;6.52;12.12;6.06;
4;23.07.23 01:00:00;6.52;12.12;6.06;
4;24.07.23 01:00:00;6.52;12.12;6.06;
4;25.07.23 01:00:00;6.52;12.12;6.06;
4;26.07.23 01:00:00;6.52;12.12;6.06;
4;27.07.23 01:00:00;6.52;12.12;6.06;
4;28.07.23 01:00:00;6.52;12.12;6.06;
4;29.07.23 01:00:00;6.52;12.12;6.06;
4;30.07.23 01:00:00;6.52;12.12;6.06;
4;31.07.23 01:00:00;6.52;12.12;6.06;
4;01.08.23 01:00:00;6.52;12.12;6.06;
4;02.08.23 01:00:00;6.52;12.12;6.06;
4;03.08.23 01:00:00;6.52;12.12;6.06;
4;04.08.23 01:00:00;6.52;12.12;6.06;
4;05.08.23 01:00:00;6.52;12.12;6.06;
4;06.08.23 01:00:00;6.52;12.12;6.06;
4;07.08.23 01:00:00;6.52;12.12;6.06;
4;08.08.23 01:00:00;6.52;12.12;6.06;
4;09.08.23 01:00:00;6.52;12.12;6.06;
4;10.08.23 01:00:00;6.52;12.12;6.06;
4;11.08.23 01:00:00;6.52;12.12;6.06;
4;12.08.23 01:00:00;6.52;12.12;6.06;
4;13.08.23 01:00:00;6.52;12.12;6.06;
4;14.08.23 01:00:00;6.52;12.12;6.06;
4;15.08.23 01:00:00;6.52;12.12;6.06;
4;16.08.23 01:00:00;6.52;12.12;6.06;
4;17.08.23 01:00:00;6.52;12.12;6.06;
4;18.08.23 01:00:00;6.52;12.12;6.06;
4;19.08.23 01:00:00;6.52;12.12;6.06;
4;20.08.23 01:00:00;6.52;12.12;6.06;
4;21.08.23 01:00:00;6.52;12.12;6.06;
4;22.08.23 01:00:00;6.52;12.12;6.06;
4;23.08.23 01:00:00;6.52;12.12;6.06;
4;24.08.23 01:00:00;6.52;12.12;6.06;
4;25.08.23 01:00:00;6.52;12.12;6.06;
4;26.08.23 01:00:00;6.52;12.12;6.06;
4;27.08.23 01:00:00;6.52;12.12;6.06;
4;28.08.23 01:00:00;6.52;12.12;6.06;
4;29.08.23 01:00:00;6.52;12.12;6.06;
4;30.08.23 01:00:00;6.52;12.12;6.06;
4;31.08.23 01:00:00;6.52;12.12;6.06;
4;01.09.23 01:00:00;6.52;12.12;6.06;
4;02.09.23 01:00:00;6.52;12.12;6.06;
4;03.09.23 01:00:00;6.52;12.12;6.06;
4;04.09.23 01:00:00;6.52;12.12;6.06;
4;05.09.23 01:00:00;6.52;12.12;6.06;
4;06.09.23 01:00:00;6.52;12.12;6.06;
4;07.09.23 01:00:00;6.52;12.12;6.06;
4;08.09.23 01:00:00;6.52;12.12;6.06;
4;09.09.23 01:00:00;6.52;12.12;6.06;
4;10.09.23 01:00:00;6.52;12.12;6.06;
4;11.09.23 01:00:00;6.52;12.12;6.06;
4;12.09.23 01:00:00;6.52;12.12;6.06;
4;13.09.23 01:00:00;6.52;12.12;6.06;
4;14.09.23 01:00:00;6.52;12.12;6.06;
4;15.09.23 01:00:00;6.52;12.12;6.06;
4;16.09.23 01:00:00;6.52;12.12;6.06;
4;17.09.23 01:00:00;6.52;12.12;6.06;
4;18.09.23 01:00:00;6.52;12.12;6.06;
4;19.09.23 01:00:00;6.52;12.12;6.06;
4;20.09.23 01:00:00;6.52;12.12;6.06;
4;21.09.23 01:00:00;6.52;12.12;6.06;
4;22.09.23 01:00:00;6.52;12.12;6.06;
4;23.09.23 01:00:00;6.52;12.12;6.06;
4;24.09.23 01:00:00;6.52;12.12;6.06;
4;25.09.23 01:00:00;6.52;12.12;6.06;
4;26.09.23 01:00:00;6.52;12.12;6.06;
4;27.09.23 01:00:00;6.52;12.12;6.06;
4;28.09.23 01:00:00;6.52;12.12;6.06;
4;29.09.23 01:00:00;6.52;12.12;6.06;
4;30.09.23 01:00:00;6.52;12.12;6.06;
4;01.10.23 01:00:00;6.52;12.12;6.06;
4;02.10.23 01:00:00;6.52;12.12;6.06;
4;03.10.23 01:00:00;6.52;12.12;6.06;
4;04.10.23 01:00:00;6.52;12.12;6.06;
4;05.10.23 01:00:00;6.52;12.12;6.06;
4;06.10.23 01:00:00;6.52;12.12;6.06;
4;07.10.23 01:00:00;6.52;12.12;6.06;
4;08.10.23 01:00:00;6.52;12.12;6.06;
4;09.10.23 01:00:00;6.52;12.12;6.06;
4;10.10.23 01:00:00;6.52;12.12;6.06;
4;11.10.23 01:00:00;6.52;12.12;6.06;
4;12.10.23 01:00:00;6.52;12.12;6.06;
4;13.10.23 01:00:00;6.52;12.12;6.06;
4;14.10.23 01:00:00;6.52;12.12;6.06;
4;15.10.23 01:00:00;6.52;12.12;6.06;
4;16.10.23 01:00:00;6.52;12.12;6.06;
4;17.10.23 01:00:00;6.52;12.12;6.06;
4;18.10.23 01:00:00;6.52;12.12;6.06;
4;19.10.23 01:00:00;6.52;12.12;6.06;
4;20.10.23 01:00:00;6.52;12.12;6.06;
4;21.10.23 01:00:00;6.52;12.12;6.06;
4;22.10.23 01:00:00;6.52;12.12;6.06;
4;23.10.23 01:00:00;6.52;12.12;6.06;
4;24.10.23 01:00:00;6.52;12.12;6.06;
4;25.10.23 01:00:00;6.52;12.12;6.06;
4;26.10.23 01:00:00;6.52;12.12;6.06;
4;27.10.23 01:00:00;6.52;12.12;6.06;
4;28.10.23 01:00:00;6.52;12.12;6.06;
4;29.10.23 01:00:00;6.52;12.12;6.06;
4;30.10.23 00:00:00;6.52;12.12;6.06;
4;31.10.23 00:00:00;6.52;12.12;6.06;
4;01.11.23 00:00:00;6.52;12.12;6.06;
4;02.11.23 00:00:00;6.52;12.12;6.06;
4;03.11.23 00:00:00;6.52;12.12;6.06;
4;04.11.23 00:00:00;6.52;12.12;6.06;
4;05.11.23 00:00:00;6.52;12.12;6.06;
4;06.11.23 00:00:00;6.52;12.12;6.06;
4;07.11.23 00:00:00;6.52;12.12;6.06;
4;08.11.23 00:00:00;6.52;12.12;6.06;
4;09.11.23 00:00:00;6.52;12.12;6.06;
4;10.11.23 00:00:00;6.52;12.12;6.06;
4;11.11.23 00:00:00;6.52;12.12;6.06;
4;12.11.23 00:00:00;6.52;12.12;6.06;
4;13.11.23 00:00:00;6.52;12.12;6.06;
4;14.11.23 00:00:00;6.52;12.12;6.06;
4;15.11.23 00:00:00;6.52;12.12;6.06;
4;16.11.23 00:00:00;6.52;12.12;6.06;
4;17.11.23 00:00:00;6.52;12.12;6.06;
4;18.11.23 00:00:00;6.52;12.12;6.06;
4;19.11.23 00:00:00;6.52;12.12;6.06;
4;20.11.23 00:00:00;6.52;12.12;6.06;
4;21.11.23 00:00:00;6.52;12.12;6.06;
4;22.11.23 00:00:00;6.52;12.12;6.06;
4;23.11.23 00:00:00;6.52;12.12;6.06;
4;24.11.23 00:00:00;6.52;12.12;6.06;
4;25.11.23 00:00:00;6.52;12.12;6.06;
4;26.11.23 00:00:00;6.52;12.12;6.06;
4;27.11.23 00:00:00;6.52;12.12;6.06;
4;28.11.23 00:00:00;6.52;12.12;6.06;
4;29.11.23 00:00:00;6.52;12.12;6.06;
4;30.11.23 00:00:00;6.52;12.12;6.06;
4;01.12.23 00:00:00;6.52;12.12;6.06;
4;02.12.23 00:00:00;6.52;12.12;6.06;
4;03.12.23 00:00:00;6.52;12.12;6.06;
4;04.12.23 00:00:00;6.52;12.12;6.06;
4;05.12.23 00:00:00;6.52;12.12;6.06;
4;06.12.23 00:00:00;6.52;12.12;6.06;
4;07.12.23 00:00:00;6.52;12.12;6.06;
4;08.12.23 00:00:00;6.52;12.12;6.06;
4;09.12.23 00:00:00;6.52;12.12;6.06;
4;10.12.23 00:00:00;6.52;12.12;6.06;
4;11.12.23 00:00:00;6.52;12.12;6.06;
4;12.12.23 00:00:00;6.52;12.12;6.06;
4;13.12.23 00:00:00;6.52;12.12;6.06;
4;14.12.23 00:00:00;6.52;12.12;6.06;
4;15.12.23 00:00:00;6.52;12.12;6.06;
4;16.12.23 00:00:00;6.52;12.12;6.06;
4;17.12.23 00:00:00;6.52;12.12;6.06;
4;18.12.23 00:00:00;6.52;12.12;6.06;
4;19.12.23 00:00:00;6.52;12.12;6.06;
4;20.12.23 00:00:00;6.52;12.12;6.06;
4;21.12.23 00:00:00;6.52;12.12;6.06;
4;22.12.23 00:00:00;6.52;12.12;6.06;
4;23.12.23 00:00:00;6.52;12.12;6.06;
4;24.12.23 00:00:00;6.52;12.12;6.06;
4;25.12.23 00:00:00;6.52;12.12;6.06;
4;26.12.23 00:00:00;6.52;12.12;6.06;
4;27.12.23 00:00:00;6.52;12.12;6.06;
4;28.12.23 00:00:00;6.52;12.12;6.06;
4;29.12.23 00:00:00;6.52;12.12;6.06;
4;30.12.23 00:00:00;6.52;12.12;6.06;
4;31.12.23 00:00:00;6.52;12.12;6.06;
4;01.01.24 00:00:00;6.52;12.12;6.06;
5;01.11.22 00:00:00;6.52;12.12;6.06;
5;02.11.22 00:00:00;6.52;12.12;6.06;
5;03.11.22 00:00:00;6.52;12.12;6.06;
5;04.11.22 00:00:00;6.52;12.12;6.06;
5;05.11.22 00:00:00;6.52;12.12;6.06;
5;06.11.22 00:00:00;6.52;12.12;6.06;
5;07.11.22 00:00:00;6.52;12.12;6.06;
5;08.11.22 00:00:00;6.52;12.12;6.06;
5;09.11.22 00:00:00;6.52;12.12;6.06;
5;10.11.22 00:00:00;6.52;12.12;6.06;
5;11.11.22 00:00:00;6.52;12.12;6.06;
5;12.11.22 00:00:00;6.52;12.12;6.06;
5;13.11.22 00:00:00;6.52;12.12;6.06;
5;14.11.22 00:00:00;6.52;12.12;6.06;
5;15.11.22 00:00:00;6.52;12.12;6.06;
5;16.11.22 00:00:00;6.52;12.12;6.06;
5;17.11.22 00:00:00;6.52;12.12;6.06;
5;18.11.22 00:00:00;6.52;12.12;6.06;
5;19.11.22 00:00:00;6.52;12.12;6.06;
5;20.11.22 00:00:00;6.52;12.12;6.06;
5;21.11.22 00:00:00;6.52;12.12;6.06;
5;22.11.22 00:00:00;6.52;12.12;6.06;
5;23.11.22 00:00:00;6.52;12.12;6.06;
5;24.11.22 00:00:00;6.52;12.12;6.06;
5;25.11.22 00:00:00;6.52;12.12;6.06;
5;26.11.22 00:00:00;6.52;12.12;6.06;
5;27.11.22 00:00:00;6.52;12.12;6.06;
5;28.11.22 00:00:00;6.52;12.12;6.06;
5;29.11.22 00:00:00;6.52;12.12;6.06;
5;30.11.22 00:00:00;6.52;12.12;6.06;
5;01.12.22 00:00:00;6.52;12.12;6.06;
5;02.12.22 00:00:00;6.52;12.12;6.06;
5;03.12.22 00:00:00;6.52;12.12;6.06;
5;04.12.22 00:00:00;6.52;12.12;6.06;
5;05.12.22 00:00:00;6.52;12.12;6.06;
5;06.12.22 00:00:00;6.52;12.12;6.06;
5;07.12.22 00:00:00;6.52;12.12;6.06;
5;08.12.22 00:00:00;6.52;12.12;6.06;
5;09.12.22 00:00:00;6.52;12.12;6.06;
5;10.12.22 00:00:00;6.52;12.12;6.06;
5;11.12.22 00:00:00;6.52;12.12;6.06;
5;12.12.22 00:00:00;6.52;12.12;6.06;
5;13.12.22 00:00:00;6.52;12.12;6.06;
5;14.12.22 00:00:00;6.52;12.12;6.06;
5;15.12.22 00:00:00;6.52;12.12;6.06;
5;16.12.22 00:00:00;6.52;12.12;6.06;
5;17.12.22 00:00:00;6.52;12.12;6.06;
5;18.12.22 00:00:00;6.52;12.12;6.06;
5;19.12.22 00:00:00;6.52;12.12;6.06;
5;20.12.22 00:00:00;6.52;12.12;6.06;
5;21.12.22 00:00:00;6.52;12.12;6.06;
5;22.12.22 00:00:00;6.52;12.12;6.06;
5;23.12.22 00:00:00;6.52;12.12;6.06;
5;24.12.22 00:00:00;6.52;12.12;6.06;
5;25.12.22 00:00:00;6.52;12.12;6.06;
5;26.12.22 00:00:00;6.52;12.12;6.06;
5;27.12.22 00:00:00;6.52;12.12;6.06;
5;28.12.22 00:00:00;6.52;12.12;6.06;
5;29.12.22 00:00:00;6.52;12.12;6.06;
5;30.12.22 00:00:00;6.52;12.12;6.06;
5;31.12.22 00:00:00;6.52;12.12;6.06;
5;01.01.23 00:00:00;6.52;12.12;6.06;
5;02.01.23 00:00:00;6.52;12.12;6.06;
5;03.01.23 00:00:00;6.52;12.12;6.06;
5;04.01.23 00:00:00;6.52;12.12;6.06;
5;05.01.23 00:00:00;6.52;12.12;6.06;
5;06.01.23 00:00:00;6.52;12.12;6.06;
5;07.01.23 00:00:00;6.52;12.12;6.06;
5;08.01.23 00:00:00;6.52;12.12;6.06;
5;09.01.23 00:00:00;6.52;12.12;6.06;
5;10.01.23 00:00:00;6.52;12.12;6.06;
5;11.01.23 00:00:00;6.52;12.12;6.06;
5;12.01.23 00:00:00;6.52;12.12;6.06;
5;13.01.23 00:00:00;6.52;12.12;6.06;
5;14.01.23 00:00:00;6.52;12.12;6.06;
5;15.01.23 00:00:00;6.52;12.12;6.06;
5;16.01.23 00:00:00;6.52;12.12;6.06;
5;17.01.23 00:00:00;6.52;12.12;6.06;
5;18.01.23 00:00:00;6.52;12.12;6.06;
5;19.01.23 00:00:00;6.52;12.12;6.06;
5;20.01.23 00:00:00;6.52;12.12;6.06;
5;21.01.23 00:00:00;6.52;12.12;6.06;
5;22.01.23 00:00:00;6.52;12.12;6.06;
5;23.01.23 00:00:00;6.52;12.12;6.06;
5;24.01.23 00:00:00;6.52;12.12;6.06;
5;25.01.23 00:00:00;6.52;12.12;6.06;
5;26.01.23 00:00:00;6.52;12.12;6.06;
5;27.01.23 00:00:00;6.52;12.12;6.06;
5;28.01.23 00:00:00;6.52;12.12;6.06;
5;29.01.23 00:00:00;6.52;12.12;6.06;
5;30.01.23 00:00:00;6.52;12.12;6.06;
5;31.01.23 00:00:00;6.52;12.12;6.06;
5;01.02.23 00:00:00;6.52;12.12;6.06;
5;02.02.23 00:00:00;6.52;12.12;6.06;
5;03.02.23 00:00:00;6.52;12.12;6.06;
5;04.02.23 00:00:00;6.52;12.12;6.06;
5;05.02.23 00:00:00;6.52;12.12;6.06;
5;06.02.23 00:00:00;6.52;12.12;6.06;
5;07.02.23 00:00:00;6.52;12.12;6.06;
5;08.02.23 00:00:00;6.52;12.12;6.06;
5;09.02.23 00:00:00;6.52;12.12;6.06;
5;10.02.23 00:00:00;6.52;12.12;6.06;
5;11.02.23 00:00:00;6.52;12.12;6.06;
5;12.02.23 00:00:00;6.52;12.12;6.06;
5;13.02.23 00:00:00;6.52;12.12;6.06;
5;14.02.23 00:00:00;6.52;12.12;6.06;
5;15.02.23 00:00:00;6.52;12.12;6.06;
5;16.02.23 00:00:00;6.52;12.12;6.06;
5;17.02.23 00:00:00;6.52;12.12;6.06;
5;18.02.23 00:00:00;6.52;12.12;6.06;
5;19.02.23 00:00:00;6.52;12.12;6.06;
5;20.02.23 00:00:00;6.52;12.12;6.06;
5;21.02.23 00:00:00;6.52;12.12;6.06;
5;22.02.23 00:00:00;6.52;12.12;6.06;
5;23.02.23 00:00:00;6.52;12.12;6.06;
5;24.02.23 00:00:00;6.52;12.12;6.06;
5;25.02.23 00:00:00;6.52;12.12;6.06;
5;26.02.23 00:00:00;6.52;12.12;6.06;
5;27.02.23 00:00:00;6.52;12.12;6.06;
5;28.02.23 00:00:00;6.52;12.12;6.06;
5;01.03.23 00:00:00;6.52;12.12;6.06;
5;02.03.23 00:00:00;6.52;12.12;6.06;
5;03.03.23 00:00:00;6.52;12.12;6.06;
5;04.03.23 00:00:00;6.52;12.12;6.06;
5;05.03.23 00:00:00;6.52;12.12;6.06;
5;06.03.23 00:00:00;6.52;12.12;6.06;
5;07.03.23 00:00:00;6.52;12.12;6.06;
5;08.03.23 00:00:00;6.52;12.12;6.06;
5;09.03.23 00:00:00;6.52;12.12;6.06;
5;10.03.23 00:00:00;6.52;12.12;6.06;
5;11.03.23 00:00:00;6.52;12.12;6.06;
5;12.03.23 00:00:00;6.52;12.12;6.06;
5;13.03.23 00:00:00;6.52;12.12;6.06;
5;14.03.23 00:00:00;6.52;12.12;6.06;
5;15.03.23 00:00:00;6.52;12.12;6.06;
5;16.03.23 00:00:00;6.52;12.12;6.06;
5;17.03.23 00:00:00;6.52;12.12;6.06;
5;18.03.23 00:00:00;6.52;12.12;6.06;
5;19.03.23 00:00:00;6.52;12.12;6.06;
5;20.03.23 00:00:00;6.52;12.12;6.06;
5;21.03.23 00:00:00;6.52;12.12;6.06;
5;22.03.23 00:00:00;6.52;12.12;6.06;
5;23.03.23 00:00:00;6.52;12.12;6.06;
5;24.03.23 00:00:00;6.52;12.12;6.06;
5;25.03.23 00:00:00;6.52;12.12;6.06;
5;26.03.23 00:00:00;6.52;12.12;6.06;
5;27.03.23 01:00:00;6.52;12.12;6.06;
5;28.03.23 01:00:00;6.52;12.12;6.06;
5;29.03.23 01:00:00;6.52;12.12;6.06;
5;30.03.23 01:00:00;6.52;12.12;6.06;
5;31.03.23 01:00:00;6.52;12.12;6.06;
5;01.04.23 01:00:00;6.52;12.12;6.06;
5;02.04.23 01:00:00;6.52;12.12;6.06;
5;03.04.23 01:00:00;6.52;12.12;6.06;
5;04.04.23 01:00:00;6.52;12.12;6.06;
5;05.04.23 01:00:00;6.52;12.12;6.06;
5;06.04.23 01:00:00;6.52;12.12;6.06;
5;07.04.23 01:00:00;6.52;12.12;6.06;
5;08.04.23 01:00:00;6.52;12.12;6.06;
5;09.04.23 01:00:00;6.52;12.12;6.06;
5;10.04.23 01:00:00;6.52;12.12;6.06;
5;11.04.23 01:00:00;6.52;12.12;6.06;
5;12.04.23 01:00:00;6.52;12.12;6.06;
5;13.04.23 01:00:00;6.52;12.12;6.06;
5;14.04.23 01:00:00;6.52;12.12;6.06;
5;15.04.23 01:00:00;6.52;12.12;6.06;
5;16.04.23 01:00:00;6.52;12.12;6.06;
5;17.04.23 01:00:00;6.52;12.12;6.06;
5;18.04.23 01:00:00;6.52;12.12;6.06;
5;19.04.23 01:00:00;6.52;12.12;6.06;
5;20.04.23 01:00:00;6.52;12.12;6.06;
5;21.04.23 01:00:00;6.52;12.12;6.06;
5;22.04.23 01:00:00;6.52;12.12;6.06;
5;23.04.23 01:00:00;6.52;12.12;6.06;
5;24.04.23 01:00:00;6.52;12.12;6.06;
5;25.04.23 01:00:00;6.52;12.12;6.06;
5;26.04.23 01:00:00;6.52;12.12;6.06;
5;27.04.23 01:00:00;6.52;12.12;6.06;
5;28.04.23 01:00:00;6.52;12.12;6.06;
5;29.04.23 01:00:00;6.52;12.12;6.06;
5;30.04.23 01:00:00;6.52;12.12;6.06;
5;01.05.23 01:00:00;6.52;12.12;6.06;
5;02.05.23 01:00:00;6.52;12.12;6.06;
5;03.05.23 01:00:00;6.52;12.12;6.06;
5;04.05.23 01:00:00;6.52;12.12;6.06;
5;05.05.23 01:00:00;6.52;12.12;6.06;
5;06.05.23 01:00:00;6.52;12.12;6.06;
5;07.05.23 01:00:00;6.52;12.12;6.06;
5;08.05.23 01:00:00;6.52;12.12;6.06;
5;09.05.23 01:00:00;6.52;12.12;6.06;
5;10.05.23 01:00:00;6.52;12.12;6.06;
5;11.05.23 01:00:00;6.52;12.12;6.06;
5;12.05.23 01:00:00;6.52;12.12;6.06;
5;13.05.23 01:00:00;6.52;12.12;6.06;
5;14.05.23 01:00:00;6.52;12.12;6.06;
5;15.05.23 01:00:00;6.52;12.12;6.06;
5;16.05.23 01:00:00;6.52;12.12;6.06;
5;17.05.23 01:00:00;6.52;12.12;6.06;
5;18.05.23 01:00:00;6.52;12.12;6.06;
5;19.05.23 01:00:00;6.52;12.12;6.06;
5;20.05.23 01:00:00;6.52;12.12;6.06;
5;21.05.23 01:00:00;6.52;12.12;6.06;
5;22.05.23 01:00:00;6.52;12.12;6.06;
5;23.05.23 01:00:00;6.52;12.12;6.06;
5;24.05.23 01:00:00;6.52;12.12;6.06;
5;25.05.23 01:00:00;6.52;12.12;6.06;
5;26.05.23 01:00:00;6.52;12.12;6.06;
5;27.05.23 01:00:00;6.52;12.12;6.06;
5;28.05.23 01:00:00;6.52;12.12;6.06;
5;29.05.23 01:00:00;6.52;12.12;6.06;
5;30.05.23 01:00:00;6.52;12.12;6.06;
5;31.05.23 01:00:00;6.52;12.12;6.06;
5;01.06.23 01:00:00;6.52;12.12;6.06;
5;02.06.23 01:00:00;6.52;12.12;6.06;
5;03.06.23 01:00:00;6.52;12.12;6.06;
5;04.06.23 01:00:00;6.52;12.12;6.06;
5;05.06.23 01:00:00;6.52;12.12;6.06;
5;06.06.23 01:00:00;6.52;12.12;6.06;
5;07.06.23 01:00:00;6.52;12.12;6.06;
5;08.06.23 01:00:00;6.52;12.12;6.06;
5;09.06.23 01:00:00;6.52;12.12;6.06;
5;10.06.23 01:00:00;6.52;12.12;6.06;
5;11.06.23 01:00:00;6.52;12.12;6.06;
5;12.06.23 01:00:00;6.52;12.12;6.06;
5;13.06.23 01:00:00;6.52;12.12;6.06;
5;14.06.23 01:00:00;6.52;12.12;6.06;
5;15.06.23 01:00:00;6.52;12.12;6.06;
5;16.06.23 01:00:00;6.52;12.12;6.06;
5;17.06.23 01:00:00;6.52;12.12;6.06;
5;18.06.23 01:00:00;6.52;12.12;6.06;
5;19.06.23 01:00:00;6.52;12.12;6.06;
5;20.06.23 01:00:00;6.52;12.12;6.06;
5;21.06.23 01:00:00;6.52;12.12;6.06;
5;22.06.23 01:00:00;6.52;12.12;6.06;
5;23.06.23 01:00:00;6.52;12.12;6.06;
5;24.06.23 01:00:00;6.52;12.12;6.06;
5;25.06.23 01:00:00;6.52;12.12;6.06;
5;26.06.23 01:00:00;6.52;12.12;6.06;
5;27.06.23 01:00:00;6.52;12.12;6.06;
5;28.06.23 01:00:00;6.52;12.12;6.06;
5;29.06.23 01:00:00;6.52;12.12;6.06;
5;30.06.23 01:00:00;6.52;12.12;6.06;
5;01.07.23 01:00:00;6.52;12.12;6.06;
5;02.07.23 01:00:00;6.52;12.12;6.06;
5;03.07.23 01:00:00;6.52;12.12;6.06;
5;04.07.23 01:00:00;6.52;12.12;6.06;
5;05.07.23 01:00:00;6.52;12.12;6.06;
5;06.07.23 01:00:00;6.52;12.12;6.06;
5;07.07.23 01:00:00;6.52;12.12;6.06;
5;08.07.23 01:00:00;6.52;12.12;6.06;
5;09.07.23 01:00:00;6.52;12.12;6.06;
5;10.07.23 01:00:00;6.52;12.12;6.06;
5;11.07.23 01:00:00;6.52;12.12;6.06;
5;12.07.23 01:00:00;6.52;12.12;6.06;
5;13.07.23 01:00:00;6.52;12.12;6.06;
5;14.07.23 01:00:00;6.52;12.12;6.06;
5;15.07.23 01:00:00;6.52;12.12;6.06;
5;16.07.23 01:00:00;6.52;12.12;6.06;
5;17.07.23 01:00:00;6.52;12.12;6.06;
5;18.07.23 01:00:00;6.52;12.12;6.06;
5;19.07.23 01:00:00;6.52;12.12;6.06;
5;20.07.23 01:00:00;6.52;12.12;6.06;
5;21.07.23 01:00:00;6.52;12.12;6.06;
5;22.07.23 01:00:00;6.52;12.12;6.06;
5;23.07.23 01:00:00;6.52;12.12;6.06;
5;24.07.23 01:00:00;6.52;12.12;6.06;
5;25.07.23 01:00:00;6.52;12.12;6.06;
5;26.07.23 01:00:00;6.52;12.12;6.06;
5;27.07.23 01:00:00;6.52;12.12;6.06;
5;28.07.23 01:00:00;6.52;12.12;6.06;
5;29.07.23 01:00:00;6.52;12.12;6.06;
5;30.07.23 01:00:00;6.52;12.12;6.06;
5;31.07.23 01:00:00;6.52;12.12;6.06;
5;01.08.23 01:00:00;6.52;12.12;6.06;
5;02.08.23 01:00:00;6.52;12.12;6.06;
5;03.08.23 01:00:00;6.52;12.12;6.06;
5;04.08.23 01:00:00;6.52;12.12;6.06;
5;05.08.23 01:00:00;6.52;12.12;6.06;
5;06.08.23 01:00:00;6.52;12.12;6.06;
5;07.08.23 01:00:00;6.52;12.12;6.06;
5;08.08.23 01:00:00;6.52;12.12;6.06;
5;09.08.23 01:00:00;6.52;12.12;6.06;
5;10.08.23 01:00:00;6.52;12.12;6.06;
5;11.08.23 01:00:00;6.52;12.12;6.06;
5;12.08.23 01:00:00;6.52;12.12;6.06;
5;13.08.23 01:00:00;6.52;12.12;6.06;
5;14.08.23 01:00:00;6.52;12.12;6.06;
5;15.08.23 01:00:00;6.52;12.12;6.06;
5;16.08.23 01:00:00;6.52;12.12;6.06;
5;17.08.23 01:00:00;6.52;12.12;6.06;
5;18.08.23 01:00:00;6.52;12.12;6.06;
5;19.08.23 01:00:00;6.52;12.12;6.06;
5;20.08.23 01:00:00;6.52;12.12;6.06;
5;21.08.23 01:00:00;6.52;12.12;6.06;
5;22.08.23 01:00:00;6.52;12.12;6.06;
5;23.08.23 01:00:00;6.52;12.12;6.06;
5;24.08.23 01:00:00;6.52;12.12;6.06;
5;25.08.23 01:00:00;6.52;12.12;6.06;
5;26.08.23 01:00:00;6.52;12.12;6.06;
5;27.08.23 01:00:00;6.52;12.12;6.06;
5;28.08.23 01:00:00;6.52;12.12;6.06;
5;29.08.23 01:00:00;6.52;12.12;6.06;
5;30.08.23 01:00:00;6.52;12.12;6.06;
5;31.08.23 01:00:00;6.52;12.12;6.06;
5;01.09.23 01:00:00;6.52;12.12;6.06;
5;02.09.23 01:00:00;6.52;12.12;6.06;
5;03.09.23 01:00:00;6.52;12.12;6.06;
5;04.09.23 01:00:00;6.52;12.12;6.06;
5;05.09.23 01:00:00;6.52;12.12;6.06;
5;06.09.23 01:00:00;6.52;12.12;6.06;
5;07.09.23 01:00:00;6.52;12.12;6.06;
5;08.09.23 01:00:00;6.52;12.12;6.06;
5;09.09.23 01:00:00;6.52;12.12;6.06;
5;10.09.23 01:00:00;6.52;12.12;6.06;
5;11.09.23 01:00:00;6.52;12.12;6.06;
5;12.09.23 01:00:00;6.52;12.12;6.06;
5;13.09.23 01:00:00;6.52;12.12;6.06;
5;14.09.23 01:00:00;6.52;12.12;6.06;
5;15.09.23 01:00:00;6.52;12.12;6.06;
5;16.09.23 01:00:00;6.52;12.12;6.06;
5;17.09.23 01:00:00;6.52;12.12;6.06;
5;18.09.23 01:00:00;6.52;12.12;6.06;
5;19.09.23 01:00:00;6.52;12.12;6.06;
5;20.09.23 01:00:00;6.52;12.12;6.06;
5;21.09.23 01:00:00;6.52;12.12;6.06;
5;22.09.23 01:00:00;6.52;12.12;6.06;
5;23.09.23 01:00:00;6.52;12.12;6.06;
5;24.09.23 01:00:00;6.52;12.12;6.06;
5;25.09.23 01:00:00;6.52;12.12;6.06;
5;26.09.23 01:00:00;6.52;12.12;6.06;
5;27.09.23 01:00:00;6.52;12.12;6.06;
5;28.09.23 01:00:00;6.52;12.12;6.06;
5;29.09.23 01:00:00;6.52;12.12;6.06;
5;30.09.23 01:00:00;6.52;12.12;6.06;
5;01.10.23 01:00:00;6.52;12.12;6.06;
5;02.10.23 01:00:00;6.52;12.12;6.06;
5;03.10.23 01:00:00;6.52;12.12;6.06;
5;04.10.23 01:00:00;6.52;12.12;6.06;
5;05.10.23 01:00:00;6.52;12.12;6.06;
5;06.10.23 01:00:00;6.52;12.12;6.06;
5;07.10.23 01:00:00;6.52;12.12;6.06;
5;08.10.23 01:00:00;6.52;12.12;6.06;
5;09.10.23 01:00:00;6.52;12.12;6.06;
5;10.10.23 01:00:00;6.52;12.12;6.06;
5;11.10.23 01:00:00;6.52;12.12;6.06;
5;12.10.23 01:00:00;6.52;12.12;6.06;
5;13.10.23 01:00:00;6.52;12.12;6.06;
5;14.10.23 01:00:00;6.52;12.12;6.06;
5;15.10.23 01:00:00;6.52;12.12;6.06;
5;16.10.23 01:00:00;6.52;12.12;6.06;
5;17.10.23 01:00:00;6.52;12.12;6.06;
5;18.10.23 01:00:00;6.52;12.12;6.06;
5;19.10.23 01:00:00;6.52;12.12;6.06;
5;20.10.23 01:00:00;6.52;12.12;6.06;
5;21.10.23 01:00:00;6.52;12.12;6.06;
5;22.10.23 01:00:00;6.52;12.12;6.06;
5;23.10.23 01:00:00;6.52;12.12;6.06;
5;24.10.23 01:00:00;6.52;12.12;6.06;
5;25.10.23 01:00:00;6.52;12.12;6.06;
5;26.10.23 01:00:00;6.52;12.12;6.06;
5;27.10.23 01:00:00;6.52;12.12;6.06;
5;28.10.23 01:00:00;6.52;12.12;6.06;
5;29.10.23 01:00:00;6.52;12.12;6.06;
5;30.10.23 00:00:00;6.52;12.12;6.06;
5;31.10.23 00:00:00;6.52;12.12;6.06;
5;01.11.23 00:00:00;6.52;12.12;6.06;
5;02.11.23 00:00:00;6.52;12.12;6.06;
5;03.11.23 00:00:00;6.52;12.12;6.06;
5;04.11.23 00:00:00;6.52;12.12;6.06;
5;05.11.23 00:00:00;6.52;12.12;6.06;
5;06.11.23 00:00:00;6.52;12.12;6.06;
5;07.11.23 00:00:00;6.52;12.12;6.06;
5;08.11.23 00:00:00;6.52;12.12;6.06;
5;09.11.23 00:00:00;6.52;12.12;6.06;
5;10.11.23 00:00:00;6.52;12.12;6.06;
5;11.11.23 00:00:00;6.52;12.12;6.06;
5;12.11.23 00:00:00;6.52;12.12;6.06;
5;13.11.23 00:00:00;6.52;12.12;6.06;
5;14.11.23 00:00:00;6.52;12.12;6.06;
5;15.11.23 00:00:00;6.52;12.12;6.06;
5;16.11.23 00:00:00;6.52;12.12;6.06;
5;17.11.23 00:00:00;6.52;12.12;6.06;
5;18.11.23 00:00:00;6.52;12.12;6.06;
5;19.11.23 00:00:00;6.52;12.12;6.06;
5;20.11.23 00:00:00;6.52;12.12;6.06;
5;21.11.23 00:00:00;6.52;12.12;6.06;
5;22.11.23 00:00:00;6.52;12.12;6.06;
5;23.11.23 00:00:00;6.52;12.12;6.06;
5;24.11.23 00:00:00;6.52;12.12;6.06;
5;25.11.23 00:00:00;6.52;12.12;6.06;
5;26.11.23 00:00:00;6.52;12.12;6.06;
5;27.11.23 00:00:00;6.52;12.12;6.06;
5;28.11.23 00:00:00;6.52;12.12;6.06;
5;29.11.23 00:00:00;6.52;12.12;6.06;
5;30.11.23 00:00:00;6.52;12.12;6.06;
5;01.12.23 00:00:00;6.52;12.12;6.06;
5;02.12.23 00:00:00;6.52;12.12;6.06;
5;03.12.23 00:00:00;6.52;12.12;6.06;
5;04.12.23 00:00:00;6.52;12.12;6.06;
5;05.12.23 00:00:00;6.52;12.12;6.06;
5;06.12.23 00:00:00;6.52;12.12;6.06;
5;07.12.23 00:00:00;6.52;12.12;6.06;
5;08.12.23 00:00:00;6.52;12.12;6.06;
5;09.12.23 00:00:00;6.52;12.12;6.06;
5;10.12.23 00:00:00;6.52;12.12;6.06;
5;11.12.23 00:00:00;6.52;12.12;6.06;
5;12.12.23 00:00:00;6.52;12.12;6.06;
5;13.12.23 00:00:00;6.52;12.12;6.06;
5;14.12.23 00:00:00;6.52;12.12;6.06;
5;15.12.23 00:00:00;6.52;12.12;6.06;
5;16.12.23 00:00:00;6.52;12.12;6.06;
5;17.12.23 00:00:00;6.52;12.12;6.06;
5;18.12.23 00:00:00;6.52;12.12;6.06;
5;19.12.23 00:00:00;6.52;12.12;6.06;
5;20.12.23 00:00:00;6.52;12.12;6.06;
5;21.12.23 00:00:00;6.52;12.12;6.06;
5;22.12.23 00:00:00;6.52;12.12;6.06;
5;23.12.23 00:00:00;6.52;12.12;6.06;
5;24.12.23 00:00:00;6.52;12.12;6.06;
5;25.12.23 00:00:00;6.52;12.12;6.06;
5;26.12.23 00:00:00;6.52;12.12;6.06;
5;27.12.23 00:00:00;6.52;12.12;6.06;
5;28.12.23 00:00:00;6.52;12.12;6.06;
5;29.12.23 00:00:00;6.52;12.12;6.06;
5;30.12.23 00:00:00;6.52;12.12;6.06;
5;31.12.23 00:00:00;6.52;12.12;6.06;
5;01.01.24 00:00:00;6.52;12.12;6.06;
6;01.11.22 00:00:00;6.52;12.12;6.06;
6;02.11.22 00:00:00;6.52;12.12;6.06;
6;03.11.22 00:00:00;6.52;12.12;6.06;
6;04.11.22 00:00:00;6.52;12.12;6.06;
6;05.11.22 00:00:00;6.52;12.12;6.06;
6;06.11.22 00:00:00;6.52;12.12;6.06;
6;07.11.22 00:00:00;6.52;12.12;6.06;
6;08.11.22 00:00:00;6.52;12.12;6.06;
6;09.11.22 00:00:00;6.52;12.12;6.06;
6;10.11.22 00:00:00;6.52;12.12;6.06;
6;11.11.22 00:00:00;6.52;12.12;6.06;
6;12.11.22 00:00:00;6.52;12.12;6.06;
6;13.11.22 00:00:00;6.52;12.12;6.06;
6;14.11.22 00:00:00;6.52;12.12;6.06;
6;15.11.22 00:00:00;6.52;12.12;6.06;
6;16.11.22 00:00:00;6.52;12.12;6.06;
6;17.11.22 00:00:00;6.52;12.12;6.06;
6;18.11.22 00:00:00;6.52;12.12;6.06;
6;19.11.22 00:00:00;6.52;12.12;6.06;
6;20.11.22 00:00:00;6.52;12.12;6.06;
6;21.11.22 00:00:00;6.52;12.12;6.06;
6;22.11.22 00:00:00;6.52;12.12;6.06;
6;23.11.22 00:00:00;6.52;12.12;6.06;
6;24.11.22 00:00:00;6.52;12.12;6.06;
6;25.11.22 00:00:00;6.52;12.12;6.06;
6;26.11.22 00:00:00;6.52;12.12;6.06;
6;27.11.22 00:00:00;6.52;12.12;6.06;
6;28.11.22 00:00:00;6.52;12.12;6.06;
6;29.11.22 00:00:00;6.52;12.12;6.06;
6;30.11.22 00:00:00;6.52;12.12;6.06;
6;01.12.22 00:00:00;6.52;12.12;6.06;
6;02.12.22 00:00:00;6.52;12.12;6.06;
6;03.12.22 00:00:00;6.52;12.12;6.06;
6;04.12.22 00:00:00;6.52;12.12;6.06;
6;05.12.22 00:00:00;6.52;12.12;6.06;
6;06.12.22 00:00:00;6.52;12.12;6.06;
6;07.12.22 00:00:00;6.52;12.12;6.06;
6;08.12.22 00:00:00;6.52;12.12;6.06;
6;09.12.22 00:00:00;6.52;12.12;6.06;
6;10.12.22 00:00:00;6.52;12.12;6.06;
6;11.12.22 00:00:00;6.52;12.12;6.06;
6;12.12.22 00:00:00;6.52;12.12;6.06;
6;13.12.22 00:00:00;6.52;12.12;6.06;
6;14.12.22 00:00:00;6.52;12.12;6.06;
6;15.12.22 00:00:00;6.52;12.12;6.06;
6;16.12.22 00:00:00;6.52;12.12;6.06;
6;17.12.22 00:00:00;6.52;12.12;6.06;
6;18.12.22 00:00:00;6.52;12.12;6.06;
6;19.12.22 00:00:00;6.52;12.12;6.06;
6;20.12.22 00:00:00;6.52;12.12;6.06;
6;21.12.22 00:00:00;6.52;12.12;6.06;
6;22.12.22 00:00:00;6.52;12.12;6.06;
6;23.12.22 00:00:00;6.52;12.12;6.06;
6;24.12.22 00:00:00;6.52;12.12;6.06;
6;25.12.22 00:00:00;6.52;12.12;6.06;
6;26.12.22 00:00:00;6.52;12.12;6.06;
6;27.12.22 00:00:00;6.52;12.12;6.06;
6;28.12.22 00:00:00;6.52;12.12;6.06;
6;29.12.22 00:00:00;6.52;12.12;6.06;
6;30.12.22 00:00:00;6.52;12.12;6.06;
6;31.12.22 00:00:00;6.52;12.12;6.06;
6;01.01.23 00:00:00;6.52;12.12;6.06;
6;02.01.23 00:00:00;6.52;12.12;6.06;
6;03.01.23 00:00:00;6.52;12.12;6.06;
6;04.01.23 00:00:00;6.52;12.12;6.06;
6;05.01.23 00:00:00;6.52;12.12;6.06;
6;06.01.23 00:00:00;6.52;12.12;6.06;
6;07.01.23 00:00:00;6.52;12.12;6.06;
6;08.01.23 00:00:00;6.52;12.12;6.06;
6;09.01.23 00:00:00;6.52;12.12;6.06;
6;10.01.23 00:00:00;6.52;12.12;6.06;
6;11.01.23 00:00:00;6.52;12.12;6.06;
6;12.01.23 00:00:00;6.52;12.12;6.06;
6;13.01.23 00:00:00;6.52;12.12;6.06;
6;14.01.23 00:00:00;6.52;12.12;6.06;
6;15.01.23 00:00:00;6.52;12.12;6.06;
6;16.01.23 00:00:00;6.52;12.12;6.06;
6;17.01.23 00:00:00;6.52;12.12;6.06;
6;18.01.23 00:00:00;6.52;12.12;6.06;
6;19.01.23 00:00:00;6.52;12.12;6.06;
6;20.01.23 00:00:00;6.52;12.12;6.06;
6;21.01.23 00:00:00;6.52;12.12;6.06;
6;22.01.23 00:00:00;6.52;12.12;6.06;
6;23.01.23 00:00:00;6.52;12.12;6.06;
6;24.01.23 00:00:00;6.52;12.12;6.06;
6;25.01.23 00:00:00;6.52;12.12;6.06;
6;26.01.23 00:00:00;6.52;12.12;6.06;
6;27.01.23 00:00:00;6.52;12.12;6.06;
6;28.01.23 00:00:00;6.52;12.12;6.06;
6;29.01.23 00:00:00;6.52;12.12;6.06;
6;30.01.23 00:00:00;6.52;12.12;6.06;
6;31.01.23 00:00:00;6.52;12.12;6.06;
6;01.02.23 00:00:00;6.52;12.12;6.06;
6;02.02.23 00:00:00;6.52;12.12;6.06;
6;03.02.23 00:00:00;6.52;12.12;6.06;
6;04.02.23 00:00:00;6.52;12.12;6.06;
6;05.02.23 00:00:00;6.52;12.12;6.06;
6;06.02.23 00:00:00;6.52;12.12;6.06;
6;07.02.23 00:00:00;6.52;12.12;6.06;
6;08.02.23 00:00:00;6.52;12.12;6.06;
6;09.02.23 00:00:00;6.52;12.12;6.06;
6;10.02.23 00:00:00;6.52;12.12;6.06;
6;11.02.23 00:00:00;6.52;12.12;6.06;
6;12.02.23 00:00:00;6.52;12.12;6.06;
6;13.02.23 00:00:00;6.52;12.12;6.06;
6;14.02.23 00:00:00;6.52;12.12;6.06;
6;15.02.23 00:00:00;6.52;12.12;6.06;
6;16.02.23 00:00:00;6.52;12.12;6.06;
6;17.02.23 00:00:00;6.52;12.12;6.06;
6;18.02.23 00:00:00;6.52;12.12;6.06;
6;19.02.23 00:00:00;6.52;12.12;6.06;
6;20.02.23 00:00:00;6.52;12.12;6.06;
6;21.02.23 00:00:00;6.52;12.12;6.06;
6;22.02.23 00:00:00;6.52;12.12;6.06;
6;23.02.23 00:00:00;6.52;12.12;6.06;
6;24.02.23 00:00:00;6.52;12.12;6.06;
6;25.02.23 00:00:00;6.52;12.12;6.06;
6;26.02.23 00:00:00;6.52;12.12;6.06;
6;27.02.23 00:00:00;6.52;12.12;6.06;
6;28.02.23 00:00:00;6.52;12.12;6.06;
6;01.03.23 00:00:00;6.52;12.12;6.06;
6;02.03.23 00:00:00;6.52;12.12;6.06;
6;03.03.23 00:00:00;6.52;12.12;6.06;
6;04.03.23 00:00:00;6.52;12.12;6.06;
6;05.03.23 00:00:00;6.52;12.12;6.06;
6;06.03.23 00:00:00;6.52;12.12;6.06;
6;07.03.23 00:00:00;6.52;12.12;6.06;
6;08.03.23 00:00:00;6.52;12.12;6.06;
6;09.03.23 00:00:00;6.52;12.12;6.06;
6;10.03.23 00:00:00;6.52;12.12;6.06;
6;11.03.23 00:00:00;6.52;12.12;6.06;
6;12.03.23 00:00:00;6.52;12.12;6.06;
6;13.03.23 00:00:00;6.52;12.12;6.06;
6;14.03.23 00:00:00;6.52;12.12;6.06;
6;15.03.23 00:00:00;6.52;12.12;6.06;
6;16.03.23 00:00:00;6.52;12.12;6.06;
6;17.03.23 00:00:00;6.52;12.12;6.06;
6;18.03.23 00:00:00;6.52;12.12;6.06;
6;19.03.23 00:00:00;6.52;12.12;6.06;
6;20.03.23 00:00:00;6.52;12.12;6.06;
6;21.03.23 00:00:00;6.52;12.12;6.06;
6;22.03.23 00:00:00;6.52;12.12;6.06;
6;23.03.23 00:00:00;6.52;12.12;6.06;
6;24.03.23 00:00:00;6.52;12.12;6.06;
6;25.03.23 00:00:00;6.52;12.12;6.06;
6;26.03.23 00:00:00;6.52;12.12;6.06;
6;27.03.23 01:00:00;6.52;12.12;6.06;
6;28.03.23 01:00:00;6.52;12.12;6.06;
6;29.03.23 01:00:00;6.52;12.12;6.06;
6;30.03.23 01:00:00;6.52;12.12;6.06;
6;31.03.23 01:00:00;6.52;12.12;6.06;
6;01.04.23 01:00:00;6.52;12.12;6.06;
6;02.04.23 01:00:00;6.52;12.12;6.06;
6;03.04.23 01:00:00;6.52;12.12;6.06;
6;04.04.23 01:00:00;6.52;12.12;6.06;
6;05.04.23 01:00:00;6.52;12.12;6.06;
6;06.04.23 01:00:00;6.52;12.12;6.06;
6;07.04.23 01:00:00;6.52;12.12;6.06;
6;08.04.23 01:00:00;6.52;12.12;6.06;
6;09.04.23 01:00:00;6.52;12.12;6.06;
6;10.04.23 01:00:00;6.52;12.12;6.06;
6;11.04.23 01:00:00;6.52;12.12;6.06;
6;12.04.23 01:00:00;6.52;12.12;6.06;
6;13.04.23 01:00:00;6.52;12.12;6.06;
6;14.04.23 01:00:00;6.52;12.12;6.06;
6;15.04.23 01:00:00;6.52;12.12;6.06;
6;16.04.23 01:00:00;6.52;12.12;6.06;
6;17.04.23 01:00:00;6.52;12.12;6.06;
6;18.04.23 01:00:00;6.52;12.12;6.06;
6;19.04.23 01:00:00;6.52;12.12;6.06;
6;20.04.23 01:00:00;6.52;12.12;6.06;
6;21.04.23 01:00:00;6.52;12.12;6.06;
6;22.04.23 01:00:00;6.52;12.12;6.06;
6;23.04.23 01:00:00;6.52;12.12;6.06;
6;24.04.23 01:00:00;6.52;12.12;6.06;
6;25.04.23 01:00:00;6.52;12.12;6.06;
6;26.04.23 01:00:00;6.52;12.12;6.06;
6;27.04.23 01:00:00;6.52;12.12;6.06;
6;28.04.23 01:00:00;6.52;12.12;6.06;
6;29.04.23 01:00:00;6.52;12.12;6.06;
6;30.04.23 01:00:00;6.52;12.12;6.06;
6;01.05.23 01:00:00;6.52;12.12;6.06;
6;02.05.23 01:00:00;6.52;12.12;6.06;
6;03.05.23 01:00:00;6.52;12.12;6.06;
6;04.05.23 01:00:00;6.52;12.12;6.06;
6;05.05.23 01:00:00;6.52;12.12;6.06;
6;06.05.23 01:00:00;6.52;12.12;6.06;
6;07.05.23 01:00:00;6.52;12.12;6.06;
6;08.05.23 01:00:00;6.52;12.12;6.06;
6;09.05.23 01:00:00;6.52;12.12;6.06;
6;10.05.23 01:00:00;6.52;12.12;6.06;
6;11.05.23 01:00:00;6.52;12.12;6.06;
6;12.05.23 01:00:00;6.52;12.12;6.06;
6;13.05.23 01:00:00;6.52;12.12;6.06;
6;14.05.23 01:00:00;6.52;12.12;6.06;
6;15.05.23 01:00:00;6.52;12.12;6.06;
6;16.05.23 01:00:00;6.52;12.12;6.06;
6;17.05.23 01:00:00;6.52;12.12;6.06;
6;18.05.23 01:00:00;6.52;12.12;6.06;
6;19.05.23 01:00:00;6.52;12.12;6.06;
6;20.05.23 01:00:00;6.52;12.12;6.06;
6;21.05.23 01:00:00;6.52;12.12;6.06;
6;22.05.23 01:00:00;6.52;12.12;6.06;
6;23.05.23 01:00:00;6.52;12.12;6.06;
6;24.05.23 01:00:00;6.52;12.12;6.06;
6;25.05.23 01:00:00;6.52;12.12;6.06;
6;26.05.23 01:00:00;6.52;12.12;6.06;
6;27.05.23 01:00:00;6.52;12.12;6.06;
6;28.05.23 01:00:00;6.52;12.12;6.06;
6;29.05.23 01:00:00;6.52;12.12;6.06;
6;30.05.23 01:00:00;6.52;12.12;6.06;
6;31.05.23 01:00:00;6.52;12.12;6.06;
6;01.06.23 01:00:00;6.52;12.12;6.06;
6;02.06.23 01:00:00;6.52;12.12;6.06;
6;03.06.23 01:00:00;6.52;12.12;6.06;
6;04.06.23 01:00:00;6.52;12.12;6.06;
6;05.06.23 01:00:00;6.52;12.12;6.06;
6;06.06.23 01:00:00;6.52;12.12;6.06;
6;07.06.23 01:00:00;6.52;12.12;6.06;
6;08.06.23 01:00:00;6.52;12.12;6.06;
6;09.06.23 01:00:00;6.52;12.12;6.06;
6;10.06.23 01:00:00;6.52;12.12;6.06;
6;11.06.23 01:00:00;6.52;12.12;6.06;
6;12.06.23 01:00:00;6.52;12.12;6.06;
6;13.06.23 01:00:00;6.52;12.12;6.06;
6;14.06.23 01:00:00;6.52;12.12;6.06;
6;15.06.23 01:00:00;6.52;12.12;6.06;
6;16.06.23 01:00:00;6.52;12.12;6.06;
6;17.06.23 01:00:00;6.52;12.12;6.06;
6;18.06.23 01:00:00;6.52;12.12;6.06;
6;19.06.23 01:00:00;6.52;12.12;6.06;
6;20.06.23 01:00:00;6.52;12.12;6.06;
6;21.06.23 01:00:00;6.52;12.12;6.06;
6;22.06.23 01:00:00;6.52;12.12;6.06;
6;23.06.23 01:00:00;6.52;12.12;6.06;
6;24.06.23 01:00:00;6.52;12.12;6.06;
6;25.06.23 01:00:00;6.52;12.12;6.06;
6;26.06.23 01:00:00;6.52;12.12;6.06;
6;27.06.23 01:00:00;6.52;12.12;6.06;
6;28.06.23 01:00:00;6.52;12.12;6.06;
6;29.06.23 01:00:00;6.52;12.12;6.06;
6;30.06.23 01:00:00;6.52;12.12;6.06;
6;01.07.23 01:00:00;6.52;12.12;6.06;
6;02.07.23 01:00:00;6.52;12.12;6.06;
6;03.07.23 01:00:00;6.52;12.12;6.06;
6;04.07.23 01:00:00;6.52;12.12;6.06;
6;05.07.23 01:00:00;6.52;12.12;6.06;
6;06.07.23 01:00:00;6.52;12.12;6.06;
6;07.07.23 01:00:00;6.52;12.12;6.06;
6;08.07.23 01:00:00;6.52;12.12;6.06;
6;09.07.23 01:00:00;6.52;12.12;6.06;
6;10.07.23 01:00:00;6.52;12.12;6.06;
6;11.07.23 01:00:00;6.52;12.12;6.06;
6;12.07.23 01:00:00;6.52;12.12;6.06;
6;13.07.23 01:00:00;6.52;12.12;6.06;
6;14.07.23 01:00:00;6.52;12.12;6.06;
6;15.07.23 01:00:00;6.52;12.12;6.06;
6;16.07.23 01:00:00;6.52;12.12;6.06;
6;17.07.23 01:00:00;6.52;12.12;6.06;
6;18.07.23 01:00:00;6.52;12.12;6.06;
6;19.07.23 01:00:00;6.52;12.12;6.06;
6;20.07.23 01:00:00;6.52;12.12;6.06;
6;21.07.23 01:00:00;6.52;12.12;6.06;
6;22.07.23 01:00:00;6.52;12.12;6.06;
6;23.07.23 01:00:00;6.52;12.12;6.06;
6;24.07.23 01:00:00;6.52;12.12;6.06;
6;25.07.23 01:00:00;6.52;12.12;6.06;
6;26.07.23 01:00:00;6.52;12.12;6.06;
6;27.07.23 01:00:00;6.52;12.12;6.06;
6;28.07.23 01:00:00;6.52;12.12;6.06;
6;29.07.23 01:00:00;6.52;12.12;6.06;
6;30.07.23 01:00:00;6.52;12.12;6.06;
6;31.07.23 01:00:00;6.52;12.12;6.06;
6;01.08.23 01:00:00;6.52;12.12;6.06;
6;02.08.23 01:00:00;6.52;12.12;6.06;
6;03.08.23 01:00:00;6.52;12.12;6.06;
6;04.08.23 01:00:00;6.52;12.12;6.06;
6;05.08.23 01:00:00;6.52;12.12;6.06;
6;06.08.23 01:00:00;6.52;12.12;6.06;
6;07.08.23 01:00:00;6.52;12.12;6.06;
6;08.08.23 01:00:00;6.52;12.12;6.06;
6;09.08.23 01:00:00;6.52;12.12;6.06;
6;10.08.23 01:00:00;6.52;12.12;6.06;
6;11.08.23 01:00:00;6.52;12.12;6.06;
6;12.08.23 01:00:00;6.52;12.12;6.06;
6;13.08.23 01:00:00;6.52;12.12;6.06;
6;14.08.23 01:00:00;6.52;12.12;6.06;
6;15.08.23 01:00:00;6.52;12.12;6.06;
6;16.08.23 01:00:00;6.52;12.12;6.06;
6;17.08.23 01:00:00;6.52;12.12;6.06;
6;18.08.23 01:00:00;6.52;12.12;6.06;
6;19.08.23 01:00:00;6.52;12.12;6.06;
6;20.08.23 01:00:00;6.52;12.12;6.06;
6;21.08.23 01:00:00;6.52;12.12;6.06;
6;22.08.23 01:00:00;6.52;12.12;6.06;
6;23.08.23 01:00:00;6.52;12.12;6.06;
6;24.08.23 01:00:00;6.52;12.12;6.06;
6;25.08.23 01:00:00;6.52;12.12;6.06;
6;26.08.23 01:00:00;6.52;12.12;6.06;
6;27.08.23 01:00:00;6.52;12.12;6.06;
6;28.08.23 01:00:00;6.52;12.12;6.06;
6;29.08.23 01:00:00;6.52;12.12;6.06;
6;30.08.23 01:00:00;6.52;12.12;6.06;
6;31.08.23 01:00:00;6.52;12.12;6.06;
6;01.09.23 01:00:00;6.52;12.12;6.06;
6;02.09.23 01:00:00;6.52;12.12;6.06;
6;03.09.23 01:00:00;6.52;12.12;6.06;
6;04.09.23 01:00:00;6.52;12.12;6.06;
6;05.09.23 01:00:00;6.52;12.12;6.06;
6;06.09.23 01:00:00;6.52;12.12;6.06;
6;07.09.23 01:00:00;6.52;12.12;6.06;
6;08.09.23 01:00:00;6.52;12.12;6.06;
6;09.09.23 01:00:00;6.52;12.12;6.06;
6;10.09.23 01:00:00;6.52;12.12;6.06;
6;11.09.23 01:00:00;6.52;12.12;6.06;
6;12.09.23 01:00:00;6.52;12.12;6.06;
6;13.09.23 01:00:00;6.52;12.12;6.06;
6;14.09.23 01:00:00;6.52;12.12;6.06;
6;15.09.23 01:00:00;6.52;12.12;6.06;
6;16.09.23 01:00:00;6.52;12.12;6.06;
6;17.09.23 01:00:00;6.52;12.12;6.06;
6;18.09.23 01:00:00;6.52;12.12;6.06;
6;19.09.23 01:00:00;6.52;12.12;6.06;
6;20.09.23 01:00:00;6.52;12.12;6.06;
6;21.09.23 01:00:00;6.52;12.12;6.06;
6;22.09.23 01:00:00;6.52;12.12;6.06;
6;23.09.23 01:00:00;6.52;12.12;6.06;
6;24.09.23 01:00:00;6.52;12.12;6.06;
6;25.09.23 01:00:00;6.52;12.12;6.06;
6;26.09.23 01:00:00;6.52;12.12;6.06;
6;27.09.23 01:00:00;6.52;12.12;6.06;
6;28.09.23 01:00:00;6.52;12.12;6.06;
6;29.09.23 01:00:00;6.52;12.12;6.06;
6;30.09.23 01:00:00;6.52;12.12;6.06;
6;01.10.23 01:00:00;6.52;12.12;6.06;
6;02.10.23 01:00:00;6.52;12.12;6.06;
6;03.10.23 01:00:00;6.52;12.12;6.06;
6;04.10.23 01:00:00;6.52;12.12;6.06;
6;05.10.23 01:00:00;6.52;12.12;6.06;
6;06.10.23 01:00:00;6.52;12.12;6.06;
6;07.10.23 01:00:00;6.52;12.12;6.06;
6;08.10.23 01:00:00;6.52;12.12;6.06;
6;09.10.23 01:00:00;6.52;12.12;6.06;
6;10.10.23 01:00:00;6.52;12.12;6.06;
6;11.10.23 01:00:00;6.52;12.12;6.06;
6;12.10.23 01:00:00;6.52;12.12;6.06;
6;13.10.23 01:00:00;6.52;12.12;6.06;
6;14.10.23 01:00:00;6.52;12.12;6.06;
6;15.10.23 01:00:00;6.52;12.12;6.06;
6;16.10.23 01:00:00;6.52;12.12;6.06;
6;17.10.23 01:00:00;6.52;12.12;6.06;
6;18.10.23 01:00:00;6.52;12.12;6.06;
6;19.10.23 01:00:00;6.52;12.12;6.06;
6;20.10.23 01:00:00;6.52;12.12;6.06;
6;21.10.23 01:00:00;6.52;12.12;6.06;
6;22.10.23 01:00:00;6.52;12.12;6.06;
6;23.10.23 01:00:00;6.52;12.12;6.06;
6;24.10.23 01:00:00;6.52;12.12;6.06;
6;25.10.23 01:00:00;6.52;12.12;6.06;
6;26.10.23 01:00:00;6.52;12.12;6.06;
6;27.10.23 01:00:00;6.52;12.12;6.06;
6;28.10.23 01:00:00;6.52;12.12;6.06;
6;29.10.23 01:00:00;6.52;12.12;6.06;
6;30.10.23 00:00:00;6.52;12.12;6.06;
6;31.10.23 00:00:00;6.52;12.12;6.06;
6;01.11.23 00:00:00;6.52;12.12;6.06;
6;02.11.23 00:00:00;6.52;12.12;6.06;
6;03.11.23 00:00:00;6.52;12.12;6.06;
6;04.11.23 00:00:00;6.52;12.12;6.06;
6;05.11.23 00:00:00;6.52;12.12;6.06;
6;06.11.23 00:00:00;6.52;12.12;6.06;
6;07.11.23 00:00:00;6.52;12.12;6.06;
6;08.11.23 00:00:00;6.52;12.12;6.06;
6;09.11.23 00:00:00;6.52;12.12;6.06;
6;10.11.23 00:00:00;6.52;12.12;6.06;
6;11.11.23 00:00:00;6.52;12.12;6.06;
6;12.11.23 00:00:00;6.52;12.12;6.06;
6;13.11.23 00:00:00;6.52;12.12;6.06;
6;14.11.23 00:00:00;6.52;12.12;6.06;
6;15.11.23 00:00:00;6.52;12.12;6.06;
6;16.11.23 00:00:00;6.52;12.12;6.06;
6;17.11.23 00:00:00;6.52;12.12;6.06;
6;18.11.23 00:00:00;6.52;12.12;6.06;
6;19.11.23 00:00:00;6.52;12.12;6.06;
6;20.11.23 00:00:00;6.52;12.12;6.06;
6;21.11.23 00:00:00;6.52;12.12;6.06;
6;22.11.23 00:00:00;6.52;12.12;6.06;
6;23.11.23 00:00:00;6.52;12.12;6.06;
6;24.11.23 00:00:00;6.52;12.12;6.06;
6;25.11.23 00:00:00;6.52;12.12;6.06;
6;26.11.23 00:00:00;6.52;12.12;6.06;
6;27.11.23 00:00:00;6.52;12.12;6.06;
6;28.11.23 00:00:00;6.52;12.12;6.06;
6;29.11.23 00:00:00;6.52;12.12;6.06;
6;30.11.23 00:00:00;6.52;12.12;6.06;
6;01.12.23 00:00:00;6.52;12.12;6.06;
6;02.12.23 00:00:00;6.52;12.12;6.06;
6;03.12.23 00:00:00;6.52;12.12;6.06;
6;04.12.23 00:00:00;6.52;12.12;6.06;
6;05.12.23 00:00:00;6.52;12.12;6.06;
6;06.12.23 00:00:00;6.52;12.12;6.06;
6;07.12.23 00:00:00;6.52;12.12;6.06;
6;08.12.23 00:00:00;6.52;12.12;6.06;
6;09.12.23 00:00:00;6.52;12.12;6.06;
6;10.12.23 00:00:00;6.52;12.12;6.06;
6;11.12.23 00:00:00;6.52;12.12;6.06;
6;12.12.23 00:00:00;6.52;12.12;6.06;
6;13.12.23 00:00:00;6.52;12.12;6.06;
6;14.12.23 00:00:00;6.52;12.12;6.06;
6;15.12.23 00:00:00;6.52;12.12;6.06;
6;16.12.23 00:00:00;6.52;12.12;6.06;
6;17.12.23 00:00:00;6.52;12.12;6.06;
6;18.12.23 00:00:00;6.52;12.12;6.06;
6;19.12.23 00:00:00;6.52;12.12;6.06;
6;20.12.23 00:00:00;6.52;12.12;6.06;
6;21.12.23 00:00:00;6.52;12.12;6.06;
6;22.12.23 00:00:00;6.52;12.12;6.06;
6;23.12.23 00:00:00;6.52;12.12;6.06;
6;24.12.23 00:00:00;6.52;12.12;6.06;
6;25.12.23 00:00:00;6.52;12.12;6.06;
6;26.12.23 00:00:00;6.52;12.12;6.06;
6;27.12.23 00:00:00;6.52;12.12;6.06;
6;28.12.23 00:00:00;6.52;12.12;6.06;
6;29.12.23 00:00:00;6.52;12.12;6.06;
6;30.12.23 00:00:00;6.52;12.12;6.06;
6;31.12.23 00:00:00;6.52;12.12;6.06;
6;01.01.24 00:00:00;6.52;12.12;6.06